dataset,representation,split,class_id,class_label,count,share
aps_failure,tensor,tuning_train,0,neg,11194,0.9819298245614035
aps_failure,tensor,tuning_train,1,pos,206,0.01807017543859649
aps_failure,tensor,tuning_val,0,neg,3731,0.9818421052631578
aps_failure,tensor,tuning_val,1,pos,69,0.018157894736842106
aps_failure,tensor,fold_1_train,0,neg,47760,0.9819078947368421
aps_failure,tensor,fold_1_train,1,pos,880,0.018092105263157895
aps_failure,tensor,fold_1_test,0,neg,11940,0.9819078947368421
aps_failure,tensor,fold_1_test,1,pos,220,0.018092105263157895
aps_failure,baseline,tuning_train,0,neg,11194,0.9819298245614035
aps_failure,baseline,tuning_train,1,pos,206,0.01807017543859649
aps_failure,baseline,tuning_val,0,neg,3731,0.9818421052631578
aps_failure,baseline,tuning_val,1,pos,69,0.018157894736842106
aps_failure,baseline,fold_1_train,0,neg,47760,0.9819078947368421
aps_failure,baseline,fold_1_train,1,pos,880,0.018092105263157895
aps_failure,baseline,fold_1_test,0,neg,11940,0.9819078947368421
aps_failure,baseline,fold_1_test,1,pos,220,0.018092105263157895
asia_lung,tensor,tuning_train,0,no,700,0.9333333333333333
asia_lung,tensor,tuning_train,1,yes,50,0.06666666666666667
asia_lung,tensor,tuning_val,0,no,234,0.936
asia_lung,tensor,tuning_val,1,yes,16,0.064
asia_lung,tensor,fold_1_train,0,no,2988,0.93375
asia_lung,tensor,fold_1_train,1,yes,212,0.06625
asia_lung,tensor,fold_1_test,0,no,748,0.935
asia_lung,tensor,fold_1_test,1,yes,52,0.065
asia_lung,baseline,tuning_train,0,no,700,0.9333333333333333
asia_lung,baseline,tuning_train,1,yes,50,0.06666666666666667
asia_lung,baseline,tuning_val,0,no,234,0.936
asia_lung,baseline,tuning_val,1,yes,16,0.064
asia_lung,baseline,fold_1_train,0,no,2988,0.93375
asia_lung,baseline,fold_1_train,1,yes,212,0.06625
asia_lung,baseline,fold_1_test,0,no,748,0.935
asia_lung,baseline,fold_1_test,1,yes,52,0.065
balance_scale,tensor,tuning_train,0,B,8,0.08602150537634409
balance_scale,tensor,tuning_train,1,L,42,0.45161290322580644
balance_scale,tensor,tuning_train,2,R,43,0.46236559139784944
balance_scale,tensor,tuning_val,0,B,2,0.0625
balance_scale,tensor,tuning_val,1,L,15,0.46875
balance_scale,tensor,tuning_val,2,R,15,0.46875
balance_scale,tensor,fold_1_train,0,B,32,0.08
balance_scale,tensor,fold_1_train,1,L,184,0.46
balance_scale,tensor,fold_1_train,2,R,184,0.46
balance_scale,tensor,fold_1_test,0,B,7,0.07
balance_scale,tensor,fold_1_test,1,L,47,0.47
balance_scale,tensor,fold_1_test,2,R,46,0.46
balance_scale,baseline,tuning_train,0,B,8,0.08602150537634409
balance_scale,baseline,tuning_train,1,L,42,0.45161290322580644
balance_scale,baseline,tuning_train,2,R,43,0.46236559139784944
balance_scale,baseline,tuning_val,0,B,2,0.0625
balance_scale,baseline,tuning_val,1,L,15,0.46875
balance_scale,baseline,tuning_val,2,R,15,0.46875
balance_scale,baseline,fold_1_train,0,B,32,0.08
balance_scale,baseline,fold_1_train,1,L,184,0.46
balance_scale,baseline,fold_1_train,2,R,184,0.46
balance_scale,baseline,fold_1_test,0,B,7,0.07
balance_scale,baseline,fold_1_test,1,L,47,0.47
balance_scale,baseline,fold_1_test,2,R,46,0.46
car_evaluation,tensor,tuning_train,0,acc,58,0.2248062015503876
car_evaluation,tensor,tuning_train,1,good,10,0.03875968992248062
car_evaluation,tensor,tuning_train,2,unacc,180,0.6976744186046512
car_evaluation,tensor,tuning_train,3,vgood,10,0.03875968992248062
car_evaluation,tensor,tuning_val,0,acc,19,0.21839080459770116
car_evaluation,tensor,tuning_val,1,good,4,0.04597701149425287
car_evaluation,tensor,tuning_val,2,unacc,61,0.7011494252873564
car_evaluation,tensor,tuning_val,3,vgood,3,0.034482758620689655
car_evaluation,tensor,fold_1_train,0,acc,245,0.22151898734177214
car_evaluation,tensor,fold_1_train,1,good,44,0.039783001808318265
car_evaluation,tensor,fold_1_train,2,unacc,775,0.7007233273056058
car_evaluation,tensor,fold_1_train,3,vgood,42,0.0379746835443038
car_evaluation,tensor,fold_1_test,0,acc,62,0.22382671480144403
car_evaluation,tensor,fold_1_test,1,good,11,0.039711191335740074
car_evaluation,tensor,fold_1_test,2,unacc,194,0.7003610108303249
car_evaluation,tensor,fold_1_test,3,vgood,10,0.036101083032490974
car_evaluation,baseline,tuning_train,0,acc,58,0.2248062015503876
car_evaluation,baseline,tuning_train,1,good,10,0.03875968992248062
car_evaluation,baseline,tuning_train,2,unacc,180,0.6976744186046512
car_evaluation,baseline,tuning_train,3,vgood,10,0.03875968992248062
car_evaluation,baseline,tuning_val,0,acc,19,0.21839080459770116
car_evaluation,baseline,tuning_val,1,good,4,0.04597701149425287
car_evaluation,baseline,tuning_val,2,unacc,61,0.7011494252873564
car_evaluation,baseline,tuning_val,3,vgood,3,0.034482758620689655
car_evaluation,baseline,fold_1_train,0,acc,245,0.22151898734177214
car_evaluation,baseline,fold_1_train,1,good,44,0.039783001808318265
car_evaluation,baseline,fold_1_train,2,unacc,775,0.7007233273056058
car_evaluation,baseline,fold_1_train,3,vgood,42,0.0379746835443038
car_evaluation,baseline,fold_1_test,0,acc,62,0.22382671480144403
car_evaluation,baseline,fold_1_test,1,good,11,0.039711191335740074
car_evaluation,baseline,fold_1_test,2,unacc,194,0.7003610108303249
car_evaluation,baseline,fold_1_test,3,vgood,10,0.036101083032490974
census_income_kdd,tensor,tuning_train,0,- 50000.,42107,0.9379622204401675
census_income_kdd,tensor,tuning_train,1,50000+.,2785,0.06203777955983249
census_income_kdd,tensor,tuning_val,0,- 50000.,14036,0.9379218175743401
census_income_kdd,tensor,tuning_val,1,50000+.,929,0.06207818242565987
census_income_kdd,tensor,fold_1_train,0,- 50000.,179659,0.937961387058713
census_income_kdd,tensor,fold_1_train,1,50000+.,11883,0.06203861294128703
census_income_kdd,tensor,fold_1_test,0,- 50000.,44915,0.9379568141001545
census_income_kdd,tensor,fold_1_test,1,50000+.,2971,0.06204318589984547
census_income_kdd,baseline,tuning_train,0,- 50000.,42107,0.9379622204401675
census_income_kdd,baseline,tuning_train,1,50000+.,2785,0.06203777955983249
census_income_kdd,baseline,tuning_val,0,- 50000.,14036,0.9379218175743401
census_income_kdd,baseline,tuning_val,1,50000+.,929,0.06207818242565987
census_income_kdd,baseline,fold_1_train,0,- 50000.,179659,0.937961387058713
census_income_kdd,baseline,fold_1_train,1,50000+.,11883,0.06203861294128703
census_income_kdd,baseline,fold_1_test,0,- 50000.,44915,0.9379568141001545
census_income_kdd,baseline,fold_1_test,1,50000+.,2971,0.06204318589984547
cleveland,tensor,tuning_train,0,0,24,0.5333333333333333
cleveland,tensor,tuning_train,1,1,8,0.17777777777777778
cleveland,tensor,tuning_train,2,2,6,0.13333333333333333
cleveland,tensor,tuning_train,3,3,5,0.1111111111111111
cleveland,tensor,tuning_train,4,4,2,0.044444444444444446
cleveland,tensor,tuning_val,0,0,8,0.5333333333333333
cleveland,tensor,tuning_val,1,1,3,0.2
cleveland,tensor,tuning_val,2,2,1,0.06666666666666667
cleveland,tensor,tuning_val,3,3,2,0.13333333333333333
cleveland,tensor,tuning_val,4,4,1,0.06666666666666667
cleveland,tensor,fold_1_train,0,0,106,0.5463917525773195
cleveland,tensor,fold_1_train,1,1,35,0.18041237113402062
cleveland,tensor,fold_1_train,2,2,23,0.11855670103092783
cleveland,tensor,fold_1_train,3,3,22,0.1134020618556701
cleveland,tensor,fold_1_train,4,4,8,0.041237113402061855
cleveland,tensor,fold_1_test,0,0,26,0.5306122448979592
cleveland,tensor,fold_1_test,1,1,9,0.1836734693877551
cleveland,tensor,fold_1_test,2,2,6,0.12244897959183673
cleveland,tensor,fold_1_test,3,3,6,0.12244897959183673
cleveland,tensor,fold_1_test,4,4,2,0.04081632653061224
cleveland,baseline,tuning_train,0,0,24,0.5333333333333333
cleveland,baseline,tuning_train,1,1,8,0.17777777777777778
cleveland,baseline,tuning_train,2,2,6,0.13333333333333333
cleveland,baseline,tuning_train,3,3,5,0.1111111111111111
cleveland,baseline,tuning_train,4,4,2,0.044444444444444446
cleveland,baseline,tuning_val,0,0,8,0.5333333333333333
cleveland,baseline,tuning_val,1,1,3,0.2
cleveland,baseline,tuning_val,2,2,1,0.06666666666666667
cleveland,baseline,tuning_val,3,3,2,0.13333333333333333
cleveland,baseline,tuning_val,4,4,1,0.06666666666666667
cleveland,baseline,fold_1_train,0,0,106,0.5463917525773195
cleveland,baseline,fold_1_train,1,1,35,0.18041237113402062
cleveland,baseline,fold_1_train,2,2,23,0.11855670103092783
cleveland,baseline,fold_1_train,3,3,22,0.1134020618556701
cleveland,baseline,fold_1_train,4,4,8,0.041237113402061855
cleveland,baseline,fold_1_test,0,0,26,0.5306122448979592
cleveland,baseline,fold_1_test,1,1,9,0.1836734693877551
cleveland,baseline,fold_1_test,2,2,6,0.12244897959183673
cleveland,baseline,fold_1_test,3,3,6,0.12244897959183673
cleveland,baseline,fold_1_test,4,4,2,0.04081632653061224
conf_ad,tensor,tuning_train,0,0,4,0.1111111111111111
conf_ad,tensor,tuning_train,1,1,32,0.8888888888888888
conf_ad,tensor,tuning_val,0,0,2,0.15384615384615385
conf_ad,tensor,tuning_val,1,1,11,0.8461538461538461
conf_ad,tensor,fold_1_train,0,0,20,0.12738853503184713
conf_ad,tensor,fold_1_train,1,1,137,0.8726114649681529
conf_ad,tensor,fold_1_test,0,0,5,0.125
conf_ad,tensor,fold_1_test,1,1,35,0.875
conf_ad,baseline,tuning_train,0,0,4,0.1111111111111111
conf_ad,baseline,tuning_train,1,1,32,0.8888888888888888
conf_ad,baseline,tuning_val,0,0,2,0.15384615384615385
conf_ad,baseline,tuning_val,1,1,11,0.8461538461538461
conf_ad,baseline,fold_1_train,0,0,20,0.12738853503184713
conf_ad,baseline,fold_1_train,1,1,137,0.8726114649681529
conf_ad,baseline,fold_1_test,0,0,5,0.125
conf_ad,baseline,fold_1_test,1,1,35,0.875
connect_4,tensor,tuning_train,0,draw,968,0.09552945820586203
connect_4,tensor,tuning_train,1,loss,2495,0.24622520477647292
connect_4,tensor,tuning_train,2,win,6670,0.6582453370176651
connect_4,tensor,tuning_val,0,draw,322,0.09532267613972766
connect_4,tensor,tuning_val,1,loss,832,0.246299585553582
connect_4,tensor,tuning_val,2,win,2224,0.6583777383066903
connect_4,tensor,fold_1_train,0,draw,4127,0.0954528633546119
connect_4,tensor,fold_1_train,1,loss,10646,0.24622999352391525
connect_4,tensor,fold_1_train,2,win,28463,0.6583171431214728
connect_4,tensor,fold_1_test,0,draw,1032,0.09546716003700277
connect_4,tensor,fold_1_test,1,loss,2662,0.24625346901017575
connect_4,tensor,fold_1_test,2,win,7116,0.6582793709528214
connect_4,baseline,tuning_train,0,draw,968,0.09552945820586203
connect_4,baseline,tuning_train,1,loss,2495,0.24622520477647292
connect_4,baseline,tuning_train,2,win,6670,0.6582453370176651
connect_4,baseline,tuning_val,0,draw,322,0.09532267613972766
connect_4,baseline,tuning_val,1,loss,832,0.246299585553582
connect_4,baseline,tuning_val,2,win,2224,0.6583777383066903
connect_4,baseline,fold_1_train,0,draw,4127,0.0954528633546119
connect_4,baseline,fold_1_train,1,loss,10646,0.24622999352391525
connect_4,baseline,fold_1_train,2,win,28463,0.6583171431214728
connect_4,baseline,fold_1_test,0,draw,1032,0.09546716003700277
connect_4,baseline,fold_1_test,1,loss,2662,0.24625346901017575
connect_4,baseline,fold_1_test,2,win,7116,0.6582793709528214
coronary,tensor,tuning_train,0,neg,237,0.8586956521739131
coronary,tensor,tuning_train,1,pos,39,0.14130434782608695
coronary,tensor,tuning_val,0,neg,79,0.8586956521739131
coronary,tensor,tuning_val,1,pos,13,0.14130434782608695
coronary,tensor,fold_1_train,0,neg,1012,0.8590831918505942
coronary,tensor,fold_1_train,1,pos,166,0.14091680814940577
coronary,tensor,fold_1_test,0,neg,253,0.8576271186440678
coronary,tensor,fold_1_test,1,pos,42,0.1423728813559322
coronary,baseline,tuning_train,0,neg,237,0.8586956521739131
coronary,baseline,tuning_train,1,pos,39,0.14130434782608695
coronary,baseline,tuning_val,0,neg,79,0.8586956521739131
coronary,baseline,tuning_val,1,pos,13,0.14130434782608695
coronary,baseline,fold_1_train,0,neg,1012,0.8590831918505942
coronary,baseline,fold_1_train,1,pos,166,0.14091680814940577
coronary,baseline,fold_1_test,0,neg,253,0.8576271186440678
coronary,baseline,fold_1_test,1,pos,42,0.1423728813559322
credit_approval,tensor,tuning_train,0,+,46,0.44660194174757284
credit_approval,tensor,tuning_train,1,-,57,0.5533980582524272
credit_approval,tensor,tuning_val,0,+,15,0.42857142857142855
credit_approval,tensor,tuning_val,1,-,20,0.5714285714285714
credit_approval,tensor,fold_1_train,0,+,196,0.4444444444444444
credit_approval,tensor,fold_1_train,1,-,245,0.5555555555555556
credit_approval,tensor,fold_1_test,0,+,50,0.45045045045045046
credit_approval,tensor,fold_1_test,1,-,61,0.5495495495495496
credit_approval,baseline,tuning_train,0,+,46,0.44660194174757284
credit_approval,baseline,tuning_train,1,-,57,0.5533980582524272
credit_approval,baseline,tuning_val,0,+,15,0.42857142857142855
credit_approval,baseline,tuning_val,1,-,20,0.5714285714285714
credit_approval,baseline,fold_1_train,0,+,196,0.4444444444444444
credit_approval,baseline,fold_1_train,1,-,245,0.5555555555555556
credit_approval,baseline,fold_1_test,0,+,50,0.45045045045045046
credit_approval,baseline,fold_1_test,1,-,61,0.5495495495495496
dmft,tensor,tuning_train,0,All_methods,19,0.1919191919191919
dmft,tensor,tuning_train,1,Diet_enrichment,19,0.1919191919191919
dmft,tensor,tuning_train,2,Health_education,19,0.1919191919191919
dmft,tensor,tuning_train,3,Mouthwash,23,0.23232323232323232
dmft,tensor,tuning_train,4,Oral_hygiene,19,0.1919191919191919
dmft,tensor,tuning_val,0,All_methods,6,0.18181818181818182
dmft,tensor,tuning_val,1,Diet_enrichment,7,0.21212121212121213
dmft,tensor,tuning_val,2,Health_education,6,0.18181818181818182
dmft,tensor,tuning_val,3,Mouthwash,8,0.24242424242424243
dmft,tensor,tuning_val,4,Oral_hygiene,6,0.18181818181818182
dmft,tensor,fold_1_train,0,All_methods,81,0.19148936170212766
dmft,tensor,fold_1_train,1,Diet_enrichment,85,0.20094562647754138
dmft,tensor,fold_1_train,2,Health_education,79,0.1867612293144208
dmft,tensor,fold_1_train,3,Mouthwash,99,0.23404255319148937
dmft,tensor,fold_1_train,4,Oral_hygiene,79,0.1867612293144208
dmft,tensor,fold_1_test,0,All_methods,21,0.19811320754716982
dmft,tensor,fold_1_test,1,Diet_enrichment,21,0.19811320754716982
dmft,tensor,fold_1_test,2,Health_education,20,0.18867924528301888
dmft,tensor,fold_1_test,3,Mouthwash,25,0.2358490566037736
dmft,tensor,fold_1_test,4,Oral_hygiene,19,0.1792452830188679
dmft,baseline,tuning_train,0,All_methods,19,0.1919191919191919
dmft,baseline,tuning_train,1,Diet_enrichment,19,0.1919191919191919
dmft,baseline,tuning_train,2,Health_education,19,0.1919191919191919
dmft,baseline,tuning_train,3,Mouthwash,23,0.23232323232323232
dmft,baseline,tuning_train,4,Oral_hygiene,19,0.1919191919191919
dmft,baseline,tuning_val,0,All_methods,6,0.18181818181818182
dmft,baseline,tuning_val,1,Diet_enrichment,7,0.21212121212121213
dmft,baseline,tuning_val,2,Health_education,6,0.18181818181818182
dmft,baseline,tuning_val,3,Mouthwash,8,0.24242424242424243
dmft,baseline,tuning_val,4,Oral_hygiene,6,0.18181818181818182
dmft,baseline,fold_1_train,0,All_methods,81,0.19148936170212766
dmft,baseline,fold_1_train,1,Diet_enrichment,85,0.20094562647754138
dmft,baseline,fold_1_train,2,Health_education,79,0.1867612293144208
dmft,baseline,fold_1_train,3,Mouthwash,99,0.23404255319148937
dmft,baseline,fold_1_train,4,Oral_hygiene,79,0.1867612293144208
dmft,baseline,fold_1_test,0,All_methods,21,0.19811320754716982
dmft,baseline,fold_1_test,1,Diet_enrichment,21,0.19811320754716982
dmft,baseline,fold_1_test,2,Health_education,20,0.18867924528301888
dmft,baseline,fold_1_test,3,Mouthwash,25,0.2358490566037736
dmft,baseline,fold_1_test,4,Oral_hygiene,19,0.1792452830188679
german_gss,tensor,tuning_train,0,N,13,0.21666666666666667
german_gss,tensor,tuning_train,1,P,47,0.7833333333333333
german_gss,tensor,tuning_val,0,N,5,0.25
german_gss,tensor,tuning_val,1,P,15,0.75
german_gss,tensor,fold_1_train,0,N,58,0.2265625
german_gss,tensor,fold_1_train,1,P,198,0.7734375
german_gss,tensor,fold_1_test,0,N,14,0.21875
german_gss,tensor,fold_1_test,1,P,50,0.78125
german_gss,baseline,tuning_train,0,N,13,0.21666666666666667
german_gss,baseline,tuning_train,1,P,47,0.7833333333333333
german_gss,baseline,tuning_val,0,N,5,0.25
german_gss,baseline,tuning_val,1,P,15,0.75
german_gss,baseline,fold_1_train,0,N,58,0.2265625
german_gss,baseline,fold_1_train,1,P,198,0.7734375
german_gss,baseline,fold_1_test,0,N,14,0.21875
german_gss,baseline,fold_1_test,1,P,50,0.78125
hayesroth,tensor,tuning_train,0,1,7,0.3684210526315789
hayesroth,tensor,tuning_train,1,2,7,0.3684210526315789
hayesroth,tensor,tuning_train,2,3,5,0.2631578947368421
hayesroth,tensor,tuning_val,0,1,3,0.42857142857142855
hayesroth,tensor,tuning_val,1,2,3,0.42857142857142855
hayesroth,tensor,tuning_val,2,3,1,0.14285714285714285
hayesroth,tensor,fold_1_train,0,1,33,0.39285714285714285
hayesroth,tensor,fold_1_train,1,2,32,0.38095238095238093
hayesroth,tensor,fold_1_train,2,3,19,0.2261904761904762
hayesroth,tensor,fold_1_test,0,1,8,0.36363636363636365
hayesroth,tensor,fold_1_test,1,2,9,0.4090909090909091
hayesroth,tensor,fold_1_test,2,3,5,0.22727272727272727
hayesroth,baseline,tuning_train,0,1,7,0.3684210526315789
hayesroth,baseline,tuning_train,1,2,7,0.3684210526315789
hayesroth,baseline,tuning_train,2,3,5,0.2631578947368421
hayesroth,baseline,tuning_val,0,1,3,0.42857142857142855
hayesroth,baseline,tuning_val,1,2,3,0.42857142857142855
hayesroth,baseline,tuning_val,2,3,1,0.14285714285714285
hayesroth,baseline,fold_1_train,0,1,33,0.39285714285714285
hayesroth,baseline,fold_1_train,1,2,32,0.38095238095238093
hayesroth,baseline,fold_1_train,2,3,19,0.2261904761904762
hayesroth,baseline,fold_1_test,0,1,8,0.36363636363636365
hayesroth,baseline,fold_1_test,1,2,9,0.4090909090909091
hayesroth,baseline,fold_1_test,2,3,5,0.22727272727272727
house_votes_84,tensor,tuning_train,0,democrat,40,0.6153846153846154
house_votes_84,tensor,tuning_train,1,republican,25,0.38461538461538464
house_votes_84,tensor,tuning_val,0,democrat,13,0.5909090909090909
house_votes_84,tensor,tuning_val,1,republican,9,0.4090909090909091
house_votes_84,tensor,fold_1_train,0,democrat,171,0.6151079136690647
house_votes_84,tensor,fold_1_train,1,republican,107,0.38489208633093525
house_votes_84,tensor,fold_1_test,0,democrat,43,0.6142857142857143
house_votes_84,tensor,fold_1_test,1,republican,27,0.38571428571428573
house_votes_84,baseline,tuning_train,0,democrat,40,0.6153846153846154
house_votes_84,baseline,tuning_train,1,republican,25,0.38461538461538464
house_votes_84,baseline,tuning_val,0,democrat,13,0.5909090909090909
house_votes_84,baseline,tuning_val,1,republican,9,0.4090909090909091
house_votes_84,baseline,fold_1_train,0,democrat,171,0.6151079136690647
house_votes_84,baseline,fold_1_train,1,republican,107,0.38489208633093525
house_votes_84,baseline,fold_1_test,0,democrat,43,0.6142857142857143
house_votes_84,baseline,fold_1_test,1,republican,27,0.38571428571428573
krkopt,tensor,tuning_train,0,draw,419,0.0995722433460076
krkopt,tensor,tuning_train,1,eight,215,0.05109315589353612
krkopt,tensor,tuning_train,2,eleven,428,0.10171102661596958
krkopt,tensor,tuning_train,3,fifteen,325,0.07723384030418251
krkopt,tensor,tuning_train,4,five,71,0.016872623574144485
krkopt,tensor,tuning_train,5,four,30,0.007129277566539924
krkopt,tensor,tuning_train,6,fourteen,683,0.16230988593155893
krkopt,tensor,tuning_train,7,nine,256,0.060836501901140684
krkopt,tensor,tuning_train,8,one,12,0.0028517110266159697
krkopt,tensor,tuning_train,9,seven,103,0.024477186311787073
krkopt,tensor,tuning_train,10,six,88,0.02091254752851711
krkopt,tensor,tuning_train,11,sixteen,59,0.014020912547528517
krkopt,tensor,tuning_train,12,ten,298,0.07081749049429657
krkopt,tensor,tuning_train,13,thirteen,629,0.14947718631178708
krkopt,tensor,tuning_train,14,three,12,0.0028517110266159697
krkopt,tensor,tuning_train,15,twelve,539,0.1280893536121673
krkopt,tensor,tuning_train,16,two,37,0.00879277566539924
krkopt,tensor,tuning_train,17,zero,4,0.0009505703422053232
krkopt,tensor,tuning_val,0,draw,140,0.09978617248752673
krkopt,tensor,tuning_val,1,eight,72,0.05131860299358518
krkopt,tensor,tuning_val,2,eleven,143,0.10192444761225944
krkopt,tensor,tuning_val,3,fifteen,108,0.07697790449037777
krkopt,tensor,tuning_val,4,five,23,0.01639344262295082
krkopt,tensor,tuning_val,5,four,10,0.007127583749109052
krkopt,tensor,tuning_val,6,fourteen,228,0.16250890947968638
krkopt,tensor,tuning_val,7,nine,86,0.06129722024233785
krkopt,tensor,tuning_val,8,one,4,0.002851033499643621
krkopt,tensor,tuning_val,9,seven,34,0.024233784746970778
krkopt,tensor,tuning_val,10,six,30,0.021382751247327157
krkopt,tensor,tuning_val,11,sixteen,19,0.0135424091233072
krkopt,tensor,tuning_val,12,ten,99,0.07056307911617961
krkopt,tensor,tuning_val,13,thirteen,210,0.1496792587312901
krkopt,tensor,tuning_val,14,three,4,0.002851033499643621
krkopt,tensor,tuning_val,15,twelve,180,0.12829650748396293
krkopt,tensor,tuning_val,16,two,12,0.008553100498930863
krkopt,tensor,tuning_val,17,zero,1,0.0007127583749109052
krkopt,tensor,fold_1_train,0,draw,1790,0.0996881265315215
krkopt,tensor,fold_1_train,1,eight,916,0.051013588772555137
krkopt,tensor,fold_1_train,2,eleven,1826,0.10169302740031187
krkopt,tensor,fold_1_train,3,fifteen,1386,0.0771886834484295
krkopt,tensor,fold_1_train,4,five,302,0.01681889062151927
krkopt,tensor,fold_1_train,5,four,126,0.007017153040766317
krkopt,tensor,fold_1_train,6,fourteen,2914,0.16228558699042103
krkopt,tensor,fold_1_train,7,nine,1096,0.061038093116507014
krkopt,tensor,fold_1_train,8,one,50,0.002784584539986634
krkopt,tensor,fold_1_train,9,seven,437,0.02433726887948318
krkopt,tensor,fold_1_train,10,six,380,0.021162842503898417
krkopt,tensor,fold_1_train,11,sixteen,250,0.01392292269993317
krkopt,tensor,fold_1_train,12,ten,1270,0.0707284473156605
krkopt,tensor,fold_1_train,13,thirteen,2684,0.1494764981064825
krkopt,tensor,fold_1_train,14,three,52,0.0028959679215860993
krkopt,tensor,fold_1_train,15,twelve,2302,0.12820227222098463
krkopt,tensor,fold_1_train,16,two,157,0.00874359545555803
krkopt,tensor,fold_1_train,17,zero,18,0.0010024504343951882
krkopt,tensor,fold_1_test,0,draw,447,0.09957674314992203
krkopt,tensor,fold_1_test,1,eight,230,0.05123635553575406
krkopt,tensor,fold_1_test,2,eleven,457,0.10180441078191134
krkopt,tensor,fold_1_test,3,fifteen,347,0.07730006683002896
krkopt,tensor,fold_1_test,4,five,75,0.016707507239919803
krkopt,tensor,fold_1_test,5,four,32,0.007128536422365783
krkopt,tensor,fold_1_test,6,fourteen,728,0.16217420360882157
krkopt,tensor,fold_1_test,7,nine,274,0.061038093116507014
krkopt,tensor,fold_1_test,8,one,12,0.0026732011583871684
krkopt,tensor,fold_1_test,9,seven,109,0.02428157718868345
krkopt,tensor,fold_1_test,10,six,94,0.020940075740699487
krkopt,tensor,fold_1_test,11,sixteen,62,0.013811539318333704
krkopt,tensor,fold_1_test,12,ten,318,0.07083983069725996
krkopt,tensor,fold_1_test,13,thirteen,671,0.1494764981064825
krkopt,tensor,fold_1_test,14,three,13,0.0028959679215860993
krkopt,tensor,fold_1_test,15,twelve,576,0.1283136556025841
krkopt,tensor,fold_1_test,16,two,40,0.008910670527957229
krkopt,tensor,fold_1_test,17,zero,4,0.0008910670527957229
krkopt,baseline,tuning_train,0,draw,419,0.0995722433460076
krkopt,baseline,tuning_train,1,eight,215,0.05109315589353612
krkopt,baseline,tuning_train,2,eleven,428,0.10171102661596958
krkopt,baseline,tuning_train,3,fifteen,325,0.07723384030418251
krkopt,baseline,tuning_train,4,five,71,0.016872623574144485
krkopt,baseline,tuning_train,5,four,30,0.007129277566539924
krkopt,baseline,tuning_train,6,fourteen,683,0.16230988593155893
krkopt,baseline,tuning_train,7,nine,256,0.060836501901140684
krkopt,baseline,tuning_train,8,one,12,0.0028517110266159697
krkopt,baseline,tuning_train,9,seven,103,0.024477186311787073
krkopt,baseline,tuning_train,10,six,88,0.02091254752851711
krkopt,baseline,tuning_train,11,sixteen,59,0.014020912547528517
krkopt,baseline,tuning_train,12,ten,298,0.07081749049429657
krkopt,baseline,tuning_train,13,thirteen,629,0.14947718631178708
krkopt,baseline,tuning_train,14,three,12,0.0028517110266159697
krkopt,baseline,tuning_train,15,twelve,539,0.1280893536121673
krkopt,baseline,tuning_train,16,two,37,0.00879277566539924
krkopt,baseline,tuning_train,17,zero,4,0.0009505703422053232
krkopt,baseline,tuning_val,0,draw,140,0.09978617248752673
krkopt,baseline,tuning_val,1,eight,72,0.05131860299358518
krkopt,baseline,tuning_val,2,eleven,143,0.10192444761225944
krkopt,baseline,tuning_val,3,fifteen,108,0.07697790449037777
krkopt,baseline,tuning_val,4,five,23,0.01639344262295082
krkopt,baseline,tuning_val,5,four,10,0.007127583749109052
krkopt,baseline,tuning_val,6,fourteen,228,0.16250890947968638
krkopt,baseline,tuning_val,7,nine,86,0.06129722024233785
krkopt,baseline,tuning_val,8,one,4,0.002851033499643621
krkopt,baseline,tuning_val,9,seven,34,0.024233784746970778
krkopt,baseline,tuning_val,10,six,30,0.021382751247327157
krkopt,baseline,tuning_val,11,sixteen,19,0.0135424091233072
krkopt,baseline,tuning_val,12,ten,99,0.07056307911617961
krkopt,baseline,tuning_val,13,thirteen,210,0.1496792587312901
krkopt,baseline,tuning_val,14,three,4,0.002851033499643621
krkopt,baseline,tuning_val,15,twelve,180,0.12829650748396293
krkopt,baseline,tuning_val,16,two,12,0.008553100498930863
krkopt,baseline,tuning_val,17,zero,1,0.0007127583749109052
krkopt,baseline,fold_1_train,0,draw,1790,0.0996881265315215
krkopt,baseline,fold_1_train,1,eight,916,0.051013588772555137
krkopt,baseline,fold_1_train,2,eleven,1826,0.10169302740031187
krkopt,baseline,fold_1_train,3,fifteen,1386,0.0771886834484295
krkopt,baseline,fold_1_train,4,five,302,0.01681889062151927
krkopt,baseline,fold_1_train,5,four,126,0.007017153040766317
krkopt,baseline,fold_1_train,6,fourteen,2914,0.16228558699042103
krkopt,baseline,fold_1_train,7,nine,1096,0.061038093116507014
krkopt,baseline,fold_1_train,8,one,50,0.002784584539986634
krkopt,baseline,fold_1_train,9,seven,437,0.02433726887948318
krkopt,baseline,fold_1_train,10,six,380,0.021162842503898417
krkopt,baseline,fold_1_train,11,sixteen,250,0.01392292269993317
krkopt,baseline,fold_1_train,12,ten,1270,0.0707284473156605
krkopt,baseline,fold_1_train,13,thirteen,2684,0.1494764981064825
krkopt,baseline,fold_1_train,14,three,52,0.0028959679215860993
krkopt,baseline,fold_1_train,15,twelve,2302,0.12820227222098463
krkopt,baseline,fold_1_train,16,two,157,0.00874359545555803
krkopt,baseline,fold_1_train,17,zero,18,0.0010024504343951882
krkopt,baseline,fold_1_test,0,draw,447,0.09957674314992203
krkopt,baseline,fold_1_test,1,eight,230,0.05123635553575406
krkopt,baseline,fold_1_test,2,eleven,457,0.10180441078191134
krkopt,baseline,fold_1_test,3,fifteen,347,0.07730006683002896
krkopt,baseline,fold_1_test,4,five,75,0.016707507239919803
krkopt,baseline,fold_1_test,5,four,32,0.007128536422365783
krkopt,baseline,fold_1_test,6,fourteen,728,0.16217420360882157
krkopt,baseline,fold_1_test,7,nine,274,0.061038093116507014
krkopt,baseline,fold_1_test,8,one,12,0.0026732011583871684
krkopt,baseline,fold_1_test,9,seven,109,0.02428157718868345
krkopt,baseline,fold_1_test,10,six,94,0.020940075740699487
krkopt,baseline,fold_1_test,11,sixteen,62,0.013811539318333704
krkopt,baseline,fold_1_test,12,ten,318,0.07083983069725996
krkopt,baseline,fold_1_test,13,thirteen,671,0.1494764981064825
krkopt,baseline,fold_1_test,14,three,13,0.0028959679215860993
krkopt,baseline,fold_1_test,15,twelve,576,0.1283136556025841
krkopt,baseline,fold_1_test,16,two,40,0.008910670527957229
krkopt,baseline,fold_1_test,17,zero,4,0.0008910670527957229
led7,tensor,tuning_train,0,0,49,0.10208333333333333
led7,tensor,tuning_train,1,1,50,0.10416666666666667
led7,tensor,tuning_train,2,2,48,0.1
led7,tensor,tuning_train,3,3,40,0.08333333333333333
led7,tensor,tuning_train,4,4,50,0.10416666666666667
led7,tensor,tuning_train,5,5,50,0.10416666666666667
led7,tensor,tuning_train,6,6,51,0.10625
led7,tensor,tuning_train,7,7,46,0.09583333333333334
led7,tensor,tuning_train,8,8,49,0.10208333333333333
led7,tensor,tuning_train,9,9,47,0.09791666666666667
led7,tensor,tuning_val,0,0,16,0.1
led7,tensor,tuning_val,1,1,17,0.10625
led7,tensor,tuning_val,2,2,16,0.1
led7,tensor,tuning_val,3,3,14,0.0875
led7,tensor,tuning_val,4,4,17,0.10625
led7,tensor,tuning_val,5,5,17,0.10625
led7,tensor,tuning_val,6,6,17,0.10625
led7,tensor,tuning_val,7,7,15,0.09375
led7,tensor,tuning_val,8,8,16,0.1
led7,tensor,tuning_val,9,9,15,0.09375
led7,tensor,fold_1_train,0,0,208,0.1015625
led7,tensor,fold_1_train,1,1,212,0.103515625
led7,tensor,fold_1_train,2,2,204,0.099609375
led7,tensor,fold_1_train,3,3,173,0.08447265625
led7,tensor,fold_1_train,4,4,216,0.10546875
led7,tensor,fold_1_train,5,5,215,0.10498046875
led7,tensor,fold_1_train,6,6,219,0.10693359375
led7,tensor,fold_1_train,7,7,194,0.0947265625
led7,tensor,fold_1_train,8,8,209,0.10205078125
led7,tensor,fold_1_train,9,9,198,0.0966796875
led7,tensor,fold_1_test,0,0,52,0.1015625
led7,tensor,fold_1_test,1,1,54,0.10546875
led7,tensor,fold_1_test,2,2,51,0.099609375
led7,tensor,fold_1_test,3,3,43,0.083984375
led7,tensor,fold_1_test,4,4,53,0.103515625
led7,tensor,fold_1_test,5,5,53,0.103515625
led7,tensor,fold_1_test,6,6,54,0.10546875
led7,tensor,fold_1_test,7,7,49,0.095703125
led7,tensor,fold_1_test,8,8,53,0.103515625
led7,tensor,fold_1_test,9,9,50,0.09765625
led7,baseline,tuning_train,0,0,49,0.10208333333333333
led7,baseline,tuning_train,1,1,50,0.10416666666666667
led7,baseline,tuning_train,2,2,48,0.1
led7,baseline,tuning_train,3,3,40,0.08333333333333333
led7,baseline,tuning_train,4,4,50,0.10416666666666667
led7,baseline,tuning_train,5,5,50,0.10416666666666667
led7,baseline,tuning_train,6,6,51,0.10625
led7,baseline,tuning_train,7,7,46,0.09583333333333334
led7,baseline,tuning_train,8,8,49,0.10208333333333333
led7,baseline,tuning_train,9,9,47,0.09791666666666667
led7,baseline,tuning_val,0,0,16,0.1
led7,baseline,tuning_val,1,1,17,0.10625
led7,baseline,tuning_val,2,2,16,0.1
led7,baseline,tuning_val,3,3,14,0.0875
led7,baseline,tuning_val,4,4,17,0.10625
led7,baseline,tuning_val,5,5,17,0.10625
led7,baseline,tuning_val,6,6,17,0.10625
led7,baseline,tuning_val,7,7,15,0.09375
led7,baseline,tuning_val,8,8,16,0.1
led7,baseline,tuning_val,9,9,15,0.09375
led7,baseline,fold_1_train,0,0,208,0.1015625
led7,baseline,fold_1_train,1,1,212,0.103515625
led7,baseline,fold_1_train,2,2,204,0.099609375
led7,baseline,fold_1_train,3,3,173,0.08447265625
led7,baseline,fold_1_train,4,4,216,0.10546875
led7,baseline,fold_1_train,5,5,215,0.10498046875
led7,baseline,fold_1_train,6,6,219,0.10693359375
led7,baseline,fold_1_train,7,7,194,0.0947265625
led7,baseline,fold_1_train,8,8,209,0.10205078125
led7,baseline,fold_1_train,9,9,198,0.0966796875
led7,baseline,fold_1_test,0,0,52,0.1015625
led7,baseline,fold_1_test,1,1,54,0.10546875
led7,baseline,fold_1_test,2,2,51,0.099609375
led7,baseline,fold_1_test,3,3,43,0.083984375
led7,baseline,fold_1_test,4,4,53,0.103515625
led7,baseline,fold_1_test,5,5,53,0.103515625
led7,baseline,fold_1_test,6,6,54,0.10546875
led7,baseline,fold_1_test,7,7,49,0.095703125
led7,baseline,fold_1_test,8,8,53,0.103515625
led7,baseline,fold_1_test,9,9,50,0.09765625
mofn,tensor,tuning_train,0,0,43,0.21717171717171718
mofn,tensor,tuning_train,1,1,155,0.7828282828282829
mofn,tensor,tuning_val,0,0,15,0.22727272727272727
mofn,tensor,tuning_val,1,1,51,0.7727272727272727
mofn,tensor,fold_1_train,0,0,187,0.2205188679245283
mofn,tensor,fold_1_train,1,1,661,0.7794811320754716
mofn,tensor,fold_1_test,0,0,47,0.22169811320754718
mofn,tensor,fold_1_test,1,1,165,0.7783018867924528
mofn,baseline,tuning_train,0,0,43,0.21717171717171718
mofn,baseline,tuning_train,1,1,155,0.7828282828282829
mofn,baseline,tuning_val,0,0,15,0.22727272727272727
mofn,baseline,tuning_val,1,1,51,0.7727272727272727
mofn,baseline,fold_1_train,0,0,187,0.2205188679245283
mofn,baseline,fold_1_train,1,1,661,0.7794811320754716
mofn,baseline,fold_1_test,0,0,47,0.22169811320754718
mofn,baseline,fold_1_test,1,1,165,0.7783018867924528
nursery,tensor,tuning_train,0,not_recom,648,0.33350488934637157
nursery,tensor,tuning_train,1,priority,639,0.32887287699433865
nursery,tensor,tuning_train,2,spec_prior,607,0.31240349974266596
nursery,tensor,tuning_train,3,very_recom,49,0.025218733916623777
nursery,tensor,tuning_val,0,not_recom,216,0.3333333333333333
nursery,tensor,tuning_val,1,priority,214,0.33024691358024694
nursery,tensor,tuning_val,2,spec_prior,202,0.3117283950617284
nursery,tensor,tuning_val,3,very_recom,16,0.024691358024691357
nursery,tensor,fold_1_train,0,not_recom,2765,0.33341372241649586
nursery,tensor,fold_1_train,1,priority,2730,0.3291932955504642
nursery,tensor,fold_1_train,2,spec_prior,2588,0.3120704208368504
nursery,tensor,fold_1_train,3,very_recom,210,0.025322561196189558
nursery,tensor,fold_1_test,0,not_recom,691,0.3331726133076181
nursery,tensor,fold_1_test,1,priority,683,0.3293153326904532
nursery,tensor,fold_1_test,2,spec_prior,647,0.31195756991321116
nursery,tensor,fold_1_test,3,very_recom,53,0.025554484088717456
nursery,baseline,tuning_train,0,not_recom,648,0.33350488934637157
nursery,baseline,tuning_train,1,priority,639,0.32887287699433865
nursery,baseline,tuning_train,2,spec_prior,607,0.31240349974266596
nursery,baseline,tuning_train,3,very_recom,49,0.025218733916623777
nursery,baseline,tuning_val,0,not_recom,216,0.3333333333333333
nursery,baseline,tuning_val,1,priority,214,0.33024691358024694
nursery,baseline,tuning_val,2,spec_prior,202,0.3117283950617284
nursery,baseline,tuning_val,3,very_recom,16,0.024691358024691357
nursery,baseline,fold_1_train,0,not_recom,2765,0.33341372241649586
nursery,baseline,fold_1_train,1,priority,2730,0.3291932955504642
nursery,baseline,fold_1_train,2,spec_prior,2588,0.3120704208368504
nursery,baseline,fold_1_train,3,very_recom,210,0.025322561196189558
nursery,baseline,fold_1_test,0,not_recom,691,0.3331726133076181
nursery,baseline,fold_1_test,1,priority,683,0.3293153326904532
nursery,baseline,fold_1_test,2,spec_prior,647,0.31195756991321116
nursery,baseline,fold_1_test,3,very_recom,53,0.025554484088717456
parity5p5,tensor,tuning_train,0,0,83,0.49404761904761907
parity5p5,tensor,tuning_train,1,1,85,0.5059523809523809
parity5p5,tensor,tuning_val,0,0,28,0.5
parity5p5,tensor,tuning_val,1,1,28,0.5
parity5p5,tensor,fold_1_train,0,0,357,0.49583333333333335
parity5p5,tensor,fold_1_train,1,1,363,0.5041666666666667
parity5p5,tensor,fold_1_test,0,0,89,0.49444444444444446
parity5p5,tensor,fold_1_test,1,1,91,0.5055555555555555
parity5p5,baseline,tuning_train,0,0,83,0.49404761904761907
parity5p5,baseline,tuning_train,1,1,85,0.5059523809523809
parity5p5,baseline,tuning_val,0,0,28,0.5
parity5p5,baseline,tuning_val,1,1,28,0.5
parity5p5,baseline,fold_1_train,0,0,357,0.49583333333333335
parity5p5,baseline,fold_1_train,1,1,363,0.5041666666666667
parity5p5,baseline,fold_1_test,0,0,89,0.49444444444444446
parity5p5,baseline,fold_1_test,1,1,91,0.5055555555555555
phiusiil_phishing,tensor,tuning_train,0,0,15142,0.4281150159744409
phiusiil_phishing,tensor,tuning_train,1,1,20227,0.5718849840255591
phiusiil_phishing,tensor,tuning_val,0,0,5047,0.4280746395250212
phiusiil_phishing,tensor,tuning_val,1,1,6743,0.5719253604749788
phiusiil_phishing,tensor,fold_1_train,0,0,64604,0.42810188989317993
phiusiil_phishing,tensor,fold_1_train,1,1,86304,0.57189811010682
phiusiil_phishing,tensor,fold_1_test,0,0,16152,0.42811704834605596
phiusiil_phishing,tensor,fold_1_test,1,1,21576,0.571882951653944
phiusiil_phishing,baseline,tuning_train,0,0,15142,0.4281150159744409
phiusiil_phishing,baseline,tuning_train,1,1,20227,0.5718849840255591
phiusiil_phishing,baseline,tuning_val,0,0,5047,0.4280746395250212
phiusiil_phishing,baseline,tuning_val,1,1,6743,0.5719253604749788
phiusiil_phishing,baseline,fold_1_train,0,0,64604,0.42810188989317993
phiusiil_phishing,baseline,fold_1_train,1,1,86304,0.57189811010682
phiusiil_phishing,baseline,fold_1_test,0,0,16152,0.42811704834605596
phiusiil_phishing,baseline,fold_1_test,1,1,21576,0.571882951653944
ppd,tensor,tuning_train,0,0,8,0.6666666666666666
ppd,tensor,tuning_train,1,2,4,0.3333333333333333
ppd,tensor,tuning_val,0,0,4,0.8
ppd,tensor,tuning_val,1,2,1,0.2
ppd,tensor,fold_1_train,0,0,41,0.7321428571428571
ppd,tensor,fold_1_train,1,2,15,0.26785714285714285
ppd,tensor,fold_1_test,0,0,11,0.7333333333333333
ppd,tensor,fold_1_test,1,2,4,0.26666666666666666
ppd,baseline,tuning_train,0,0,8,0.6666666666666666
ppd,baseline,tuning_train,1,2,4,0.3333333333333333
ppd,baseline,tuning_val,0,0,4,0.8
ppd,baseline,tuning_val,1,2,1,0.2
ppd,baseline,fold_1_train,0,0,41,0.7321428571428571
ppd,baseline,fold_1_train,1,2,15,0.26785714285714285
ppd,baseline,fold_1_test,0,0,11,0.7333333333333333
ppd,baseline,fold_1_test,1,2,4,0.26666666666666666
primary_tumor,tensor,tuning_train,0,1,12,0.26666666666666666
primary_tumor,tensor,tuning_train,1,11,4,0.08888888888888889
primary_tumor,tensor,tuning_train,2,12,2,0.044444444444444446
primary_tumor,tensor,tuning_train,3,14,4,0.08888888888888889
primary_tumor,tensor,tuning_train,4,17,1,0.022222222222222223
primary_tumor,tensor,tuning_train,5,18,5,0.1111111111111111
primary_tumor,tensor,tuning_train,6,2,3,0.06666666666666667
primary_tumor,tensor,tuning_train,7,22,4,0.08888888888888889
primary_tumor,tensor,tuning_train,8,4,2,0.044444444444444446
primary_tumor,tensor,tuning_train,9,5,6,0.13333333333333333
primary_tumor,tensor,tuning_train,10,7,2,0.044444444444444446
primary_tumor,tensor,tuning_val,0,1,4,0.26666666666666666
primary_tumor,tensor,tuning_val,1,11,1,0.06666666666666667
primary_tumor,tensor,tuning_val,2,12,1,0.06666666666666667
primary_tumor,tensor,tuning_val,3,14,1,0.06666666666666667
primary_tumor,tensor,tuning_val,4,17,1,0.06666666666666667
primary_tumor,tensor,tuning_val,5,18,1,0.06666666666666667
primary_tumor,tensor,tuning_val,6,2,1,0.06666666666666667
primary_tumor,tensor,tuning_val,7,22,1,0.06666666666666667
primary_tumor,tensor,tuning_val,8,4,1,0.06666666666666667
primary_tumor,tensor,tuning_val,9,5,2,0.13333333333333333
primary_tumor,tensor,tuning_val,10,7,1,0.06666666666666667
primary_tumor,tensor,fold_1_train,0,1,54,0.27979274611398963
primary_tumor,tensor,fold_1_train,1,11,18,0.09326424870466321
primary_tumor,tensor,fold_1_train,2,12,10,0.05181347150259067
primary_tumor,tensor,fold_1_train,3,14,15,0.07772020725388601
primary_tumor,tensor,fold_1_train,4,17,6,0.031088082901554404
primary_tumor,tensor,fold_1_train,5,18,19,0.09844559585492228
primary_tumor,tensor,fold_1_train,6,2,13,0.06735751295336788
primary_tumor,tensor,fold_1_train,7,22,15,0.07772020725388601
primary_tumor,tensor,fold_1_train,8,4,9,0.046632124352331605
primary_tumor,tensor,fold_1_train,9,5,25,0.12953367875647667
primary_tumor,tensor,fold_1_train,10,7,9,0.046632124352331605
primary_tumor,tensor,fold_1_test,0,1,14,0.2857142857142857
primary_tumor,tensor,fold_1_test,1,11,5,0.10204081632653061
primary_tumor,tensor,fold_1_test,2,12,3,0.061224489795918366
primary_tumor,tensor,fold_1_test,3,14,4,0.08163265306122448
primary_tumor,tensor,fold_1_test,4,17,2,0.04081632653061224
primary_tumor,tensor,fold_1_test,5,18,4,0.08163265306122448
primary_tumor,tensor,fold_1_test,6,2,3,0.061224489795918366
primary_tumor,tensor,fold_1_test,7,22,4,0.08163265306122448
primary_tumor,tensor,fold_1_test,8,4,2,0.04081632653061224
primary_tumor,tensor,fold_1_test,9,5,6,0.12244897959183673
primary_tumor,tensor,fold_1_test,10,7,2,0.04081632653061224
primary_tumor,baseline,tuning_train,0,1,12,0.26666666666666666
primary_tumor,baseline,tuning_train,1,11,4,0.08888888888888889
primary_tumor,baseline,tuning_train,2,12,2,0.044444444444444446
primary_tumor,baseline,tuning_train,3,14,4,0.08888888888888889
primary_tumor,baseline,tuning_train,4,17,1,0.022222222222222223
primary_tumor,baseline,tuning_train,5,18,5,0.1111111111111111
primary_tumor,baseline,tuning_train,6,2,3,0.06666666666666667
primary_tumor,baseline,tuning_train,7,22,4,0.08888888888888889
primary_tumor,baseline,tuning_train,8,4,2,0.044444444444444446
primary_tumor,baseline,tuning_train,9,5,6,0.13333333333333333
primary_tumor,baseline,tuning_train,10,7,2,0.044444444444444446
primary_tumor,baseline,tuning_val,0,1,4,0.26666666666666666
primary_tumor,baseline,tuning_val,1,11,1,0.06666666666666667
primary_tumor,baseline,tuning_val,2,12,1,0.06666666666666667
primary_tumor,baseline,tuning_val,3,14,1,0.06666666666666667
primary_tumor,baseline,tuning_val,4,17,1,0.06666666666666667
primary_tumor,baseline,tuning_val,5,18,1,0.06666666666666667
primary_tumor,baseline,tuning_val,6,2,1,0.06666666666666667
primary_tumor,baseline,tuning_val,7,22,1,0.06666666666666667
primary_tumor,baseline,tuning_val,8,4,1,0.06666666666666667
primary_tumor,baseline,tuning_val,9,5,2,0.13333333333333333
primary_tumor,baseline,tuning_val,10,7,1,0.06666666666666667
primary_tumor,baseline,fold_1_train,0,1,54,0.27979274611398963
primary_tumor,baseline,fold_1_train,1,11,18,0.09326424870466321
primary_tumor,baseline,fold_1_train,2,12,10,0.05181347150259067
primary_tumor,baseline,fold_1_train,3,14,15,0.07772020725388601
primary_tumor,baseline,fold_1_train,4,17,6,0.031088082901554404
primary_tumor,baseline,fold_1_train,5,18,19,0.09844559585492228
primary_tumor,baseline,fold_1_train,6,2,13,0.06735751295336788
primary_tumor,baseline,fold_1_train,7,22,15,0.07772020725388601
primary_tumor,baseline,fold_1_train,8,4,9,0.046632124352331605
primary_tumor,baseline,fold_1_train,9,5,25,0.12953367875647667
primary_tumor,baseline,fold_1_train,10,7,9,0.046632124352331605
primary_tumor,baseline,fold_1_test,0,1,14,0.2857142857142857
primary_tumor,baseline,fold_1_test,1,11,5,0.10204081632653061
primary_tumor,baseline,fold_1_test,2,12,3,0.061224489795918366
primary_tumor,baseline,fold_1_test,3,14,4,0.08163265306122448
primary_tumor,baseline,fold_1_test,4,17,2,0.04081632653061224
primary_tumor,baseline,fold_1_test,5,18,4,0.08163265306122448
primary_tumor,baseline,fold_1_test,6,2,3,0.061224489795918366
primary_tumor,baseline,fold_1_test,7,22,4,0.08163265306122448
primary_tumor,baseline,fold_1_test,8,4,2,0.04081632653061224
primary_tumor,baseline,fold_1_test,9,5,6,0.12244897959183673
primary_tumor,baseline,fold_1_test,10,7,2,0.04081632653061224
ptumor,tensor,tuning_train,0,N,37,0.74
ptumor,tensor,tuning_train,1,P,13,0.26
ptumor,tensor,tuning_val,0,N,13,0.7647058823529411
ptumor,tensor,tuning_val,1,P,4,0.23529411764705882
ptumor,tensor,fold_1_train,0,N,164,0.7557603686635944
ptumor,tensor,fold_1_train,1,P,53,0.24423963133640553
ptumor,tensor,fold_1_test,0,N,41,0.7454545454545455
ptumor,tensor,fold_1_test,1,P,14,0.2545454545454545
ptumor,baseline,tuning_train,0,N,37,0.74
ptumor,baseline,tuning_train,1,P,13,0.26
ptumor,baseline,tuning_val,0,N,13,0.7647058823529411
ptumor,baseline,tuning_val,1,P,4,0.23529411764705882
ptumor,baseline,fold_1_train,0,N,164,0.7557603686635944
ptumor,baseline,fold_1_train,1,P,53,0.24423963133640553
ptumor,baseline,fold_1_test,0,N,41,0.7454545454545455
ptumor,baseline,fold_1_test,1,P,14,0.2545454545454545
rt_iot2022,tensor,tuning_train,0,ARP_poisioning,1162,0.06292305193047057
rt_iot2022,tensor,tuning_train,1,DDOS_Slowloris,80,0.004332051768018628
rt_iot2022,tensor,tuning_train,2,DOS_SYN_Hping,14198,0.768830887529106
rt_iot2022,tensor,tuning_train,3,MQTT_Publish,622,0.033681702496344834
rt_iot2022,tensor,tuning_train,4,Metasploit_Brute_Force_SSH,5,0.00027075323550116424
rt_iot2022,tensor,tuning_train,5,NMAP_FIN_SCAN,5,0.00027075323550116424
rt_iot2022,tensor,tuning_train,6,NMAP_OS_DETECTION,300,0.016245194130069855
rt_iot2022,tensor,tuning_train,7,NMAP_TCP_scan,150,0.008122597065034928
rt_iot2022,tensor,tuning_train,8,NMAP_UDP_SCAN,389,0.021064601721990577
rt_iot2022,tensor,tuning_train,9,NMAP_XMAS_TREE_SCAN,302,0.01635349542427032
rt_iot2022,tensor,tuning_train,10,Thing_Speak,1216,0.06584718687388315
rt_iot2022,tensor,tuning_train,11,Wipro_bulb,38,0.0020577245898088484
rt_iot2022,tensor,tuning_val,0,ARP_poisioning,388,0.06302794022092267
rt_iot2022,tensor,tuning_val,1,DDOS_Slowloris,27,0.0043859649122807015
rt_iot2022,tensor,tuning_val,2,DOS_SYN_Hping,4733,0.7688434048083171
rt_iot2022,tensor,tuning_val,3,MQTT_Publish,207,0.033625730994152045
rt_iot2022,tensor,tuning_val,4,Metasploit_Brute_Force_SSH,2,0.0003248862897985705
rt_iot2022,tensor,tuning_val,5,NMAP_FIN_SCAN,1,0.00016244314489928524
rt_iot2022,tensor,tuning_val,6,NMAP_OS_DETECTION,100,0.016244314489928524
rt_iot2022,tensor,tuning_val,7,NMAP_TCP_scan,50,0.008122157244964262
rt_iot2022,tensor,tuning_val,8,NMAP_UDP_SCAN,129,0.020955165692007796
rt_iot2022,tensor,tuning_val,9,NMAP_XMAS_TREE_SCAN,100,0.016244314489928524
rt_iot2022,tensor,tuning_val,10,Thing_Speak,406,0.06595191682910981
rt_iot2022,tensor,tuning_val,11,Wipro_bulb,13,0.002111760883690708
rt_iot2022,tensor,fold_1_train,0,ARP_poisioning,4960,0.06294815660892189
rt_iot2022,tensor,fold_1_train,1,DDOS_Slowloris,342,0.004340376927470017
rt_iot2022,tensor,fold_1_train,2,DOS_SYN_Hping,60582,0.7688558918713116
rt_iot2022,tensor,fold_1_train,3,MQTT_Publish,2654,0.03368234025001587
rt_iot2022,tensor,fold_1_train,4,Metasploit_Brute_Force_SSH,24,0.00030458785455929945
rt_iot2022,tensor,fold_1_train,5,NMAP_FIN_SCAN,18,0.0002284408909194746
rt_iot2022,tensor,fold_1_train,6,NMAP_OS_DETECTION,1280,0.01624468557649597
rt_iot2022,tensor,fold_1_train,7,NMAP_TCP_scan,642,0.008147725109461261
rt_iot2022,tensor,fold_1_train,8,NMAP_UDP_SCAN,1657,0.0210292531251983
rt_iot2022,tensor,fold_1_train,9,NMAP_XMAS_TREE_SCAN,1287,0.016333523700742432
rt_iot2022,tensor,fold_1_train,10,Thing_Speak,5188,0.06584174122723523
rt_iot2022,tensor,fold_1_train,11,Wipro_bulb,161,0.0020432768576686337
rt_iot2022,tensor,fold_1_test,0,ARP_poisioning,1240,0.06294735773389512
rt_iot2022,tensor,fold_1_test,1,DDOS_Slowloris,85,0.004314939844662166
rt_iot2022,tensor,fold_1_test,2,DOS_SYN_Hping,15146,0.7688715163206254
rt_iot2022,tensor,fold_1_test,3,MQTT_Publish,663,0.03365653078836489
rt_iot2022,tensor,fold_1_test,4,Metasploit_Brute_Force_SSH,6,0.0003045839890349764
rt_iot2022,tensor,fold_1_test,5,NMAP_FIN_SCAN,4,0.00020305599268998425
rt_iot2022,tensor,fold_1_test,6,NMAP_OS_DETECTION,320,0.016244479415198743
rt_iot2022,tensor,fold_1_test,7,NMAP_TCP_scan,160,0.008122239707599371
rt_iot2022,tensor,fold_1_test,8,NMAP_UDP_SCAN,415,0.02106705924158587
rt_iot2022,tensor,fold_1_test,9,NMAP_XMAS_TREE_SCAN,321,0.016295243413371237
rt_iot2022,tensor,fold_1_test,10,Thing_Speak,1298,0.0658916696278999
rt_iot2022,tensor,fold_1_test,11,Wipro_bulb,41,0.0020813239250723386
rt_iot2022,baseline,tuning_train,0,ARP_poisioning,1162,0.06292305193047057
rt_iot2022,baseline,tuning_train,1,DDOS_Slowloris,80,0.004332051768018628
rt_iot2022,baseline,tuning_train,2,DOS_SYN_Hping,14198,0.768830887529106
rt_iot2022,baseline,tuning_train,3,MQTT_Publish,622,0.033681702496344834
rt_iot2022,baseline,tuning_train,4,Metasploit_Brute_Force_SSH,5,0.00027075323550116424
rt_iot2022,baseline,tuning_train,5,NMAP_FIN_SCAN,5,0.00027075323550116424
rt_iot2022,baseline,tuning_train,6,NMAP_OS_DETECTION,300,0.016245194130069855
rt_iot2022,baseline,tuning_train,7,NMAP_TCP_scan,150,0.008122597065034928
rt_iot2022,baseline,tuning_train,8,NMAP_UDP_SCAN,389,0.021064601721990577
rt_iot2022,baseline,tuning_train,9,NMAP_XMAS_TREE_SCAN,302,0.01635349542427032
rt_iot2022,baseline,tuning_train,10,Thing_Speak,1216,0.06584718687388315
rt_iot2022,baseline,tuning_train,11,Wipro_bulb,38,0.0020577245898088484
rt_iot2022,baseline,tuning_val,0,ARP_poisioning,388,0.06302794022092267
rt_iot2022,baseline,tuning_val,1,DDOS_Slowloris,27,0.0043859649122807015
rt_iot2022,baseline,tuning_val,2,DOS_SYN_Hping,4733,0.7688434048083171
rt_iot2022,baseline,tuning_val,3,MQTT_Publish,207,0.033625730994152045
rt_iot2022,baseline,tuning_val,4,Metasploit_Brute_Force_SSH,2,0.0003248862897985705
rt_iot2022,baseline,tuning_val,5,NMAP_FIN_SCAN,1,0.00016244314489928524
rt_iot2022,baseline,tuning_val,6,NMAP_OS_DETECTION,100,0.016244314489928524
rt_iot2022,baseline,tuning_val,7,NMAP_TCP_scan,50,0.008122157244964262
rt_iot2022,baseline,tuning_val,8,NMAP_UDP_SCAN,129,0.020955165692007796
rt_iot2022,baseline,tuning_val,9,NMAP_XMAS_TREE_SCAN,100,0.016244314489928524
rt_iot2022,baseline,tuning_val,10,Thing_Speak,406,0.06595191682910981
rt_iot2022,baseline,tuning_val,11,Wipro_bulb,13,0.002111760883690708
rt_iot2022,baseline,fold_1_train,0,ARP_poisioning,4960,0.06294815660892189
rt_iot2022,baseline,fold_1_train,1,DDOS_Slowloris,342,0.004340376927470017
rt_iot2022,baseline,fold_1_train,2,DOS_SYN_Hping,60582,0.7688558918713116
rt_iot2022,baseline,fold_1_train,3,MQTT_Publish,2654,0.03368234025001587
rt_iot2022,baseline,fold_1_train,4,Metasploit_Brute_Force_SSH,24,0.00030458785455929945
rt_iot2022,baseline,fold_1_train,5,NMAP_FIN_SCAN,18,0.0002284408909194746
rt_iot2022,baseline,fold_1_train,6,NMAP_OS_DETECTION,1280,0.01624468557649597
rt_iot2022,baseline,fold_1_train,7,NMAP_TCP_scan,642,0.008147725109461261
rt_iot2022,baseline,fold_1_train,8,NMAP_UDP_SCAN,1657,0.0210292531251983
rt_iot2022,baseline,fold_1_train,9,NMAP_XMAS_TREE_SCAN,1287,0.016333523700742432
rt_iot2022,baseline,fold_1_train,10,Thing_Speak,5188,0.06584174122723523
rt_iot2022,baseline,fold_1_train,11,Wipro_bulb,161,0.0020432768576686337
rt_iot2022,baseline,fold_1_test,0,ARP_poisioning,1240,0.06294735773389512
rt_iot2022,baseline,fold_1_test,1,DDOS_Slowloris,85,0.004314939844662166
rt_iot2022,baseline,fold_1_test,2,DOS_SYN_Hping,15146,0.7688715163206254
rt_iot2022,baseline,fold_1_test,3,MQTT_Publish,663,0.03365653078836489
rt_iot2022,baseline,fold_1_test,4,Metasploit_Brute_Force_SSH,6,0.0003045839890349764
rt_iot2022,baseline,fold_1_test,5,NMAP_FIN_SCAN,4,0.00020305599268998425
rt_iot2022,baseline,fold_1_test,6,NMAP_OS_DETECTION,320,0.016244479415198743
rt_iot2022,baseline,fold_1_test,7,NMAP_TCP_scan,160,0.008122239707599371
rt_iot2022,baseline,fold_1_test,8,NMAP_UDP_SCAN,415,0.02106705924158587
rt_iot2022,baseline,fold_1_test,9,NMAP_XMAS_TREE_SCAN,321,0.016295243413371237
rt_iot2022,baseline,fold_1_test,10,Thing_Speak,1298,0.0658916696278999
rt_iot2022,baseline,fold_1_test,11,Wipro_bulb,41,0.0020813239250723386
secondary_mushroom,tensor,tuning_train,0,e,4077,0.4451359318702915
secondary_mushroom,tensor,tuning_train,1,p,5082,0.5548640681297085
secondary_mushroom,tensor,tuning_val,0,e,1359,0.4449901768172888
secondary_mushroom,tensor,tuning_val,1,p,1695,0.5550098231827112
secondary_mushroom,tensor,fold_1_train,0,e,17396,0.4450926210213898
secondary_mushroom,tensor,fold_1_train,1,p,21688,0.5549073789786102
secondary_mushroom,tensor,fold_1_test,0,e,4349,0.44504707327056897
secondary_mushroom,tensor,fold_1_test,1,p,5423,0.554952926729431
secondary_mushroom,baseline,tuning_train,0,e,4077,0.4451359318702915
secondary_mushroom,baseline,tuning_train,1,p,5082,0.5548640681297085
secondary_mushroom,baseline,tuning_val,0,e,1359,0.4449901768172888
secondary_mushroom,baseline,tuning_val,1,p,1695,0.5550098231827112
secondary_mushroom,baseline,fold_1_train,0,e,17396,0.4450926210213898
secondary_mushroom,baseline,fold_1_train,1,p,21688,0.5549073789786102
secondary_mushroom,baseline,fold_1_test,0,e,4349,0.44504707327056897
secondary_mushroom,baseline,fold_1_test,1,p,5423,0.554952926729431
sensorless_drive,tensor,tuning_train,0,1,798,0.09094017094017094
sensorless_drive,tensor,tuning_train,1,10,798,0.09094017094017094
sensorless_drive,tensor,tuning_train,2,11,798,0.09094017094017094
sensorless_drive,tensor,tuning_train,3,2,798,0.09094017094017094
sensorless_drive,tensor,tuning_train,4,3,798,0.09094017094017094
sensorless_drive,tensor,tuning_train,5,4,797,0.09082621082621083
sensorless_drive,tensor,tuning_train,6,5,798,0.09094017094017094
sensorless_drive,tensor,tuning_train,7,6,798,0.09094017094017094
sensorless_drive,tensor,tuning_train,8,7,797,0.09082621082621083
sensorless_drive,tensor,tuning_train,9,8,797,0.09082621082621083
sensorless_drive,tensor,tuning_train,10,9,798,0.09094017094017094
sensorless_drive,tensor,tuning_val,0,1,266,0.09090909090909091
sensorless_drive,tensor,tuning_val,1,10,266,0.09090909090909091
sensorless_drive,tensor,tuning_val,2,11,266,0.09090909090909091
sensorless_drive,tensor,tuning_val,3,2,266,0.09090909090909091
sensorless_drive,tensor,tuning_val,4,3,266,0.09090909090909091
sensorless_drive,tensor,tuning_val,5,4,266,0.09090909090909091
sensorless_drive,tensor,tuning_val,6,5,266,0.09090909090909091
sensorless_drive,tensor,tuning_val,7,6,266,0.09090909090909091
sensorless_drive,tensor,tuning_val,8,7,266,0.09090909090909091
sensorless_drive,tensor,tuning_val,9,8,266,0.09090909090909091
sensorless_drive,tensor,tuning_val,10,9,266,0.09090909090909091
sensorless_drive,tensor,fold_1_train,0,1,3404,0.09090423543235593
sensorless_drive,tensor,fold_1_train,1,10,3404,0.09090423543235593
sensorless_drive,tensor,fold_1_train,2,11,3404,0.09090423543235593
sensorless_drive,tensor,fold_1_train,3,2,3404,0.09090423543235593
sensorless_drive,tensor,fold_1_train,4,3,3404,0.09090423543235593
sensorless_drive,tensor,fold_1_train,5,4,3405,0.09093094055439833
sensorless_drive,tensor,fold_1_train,6,5,3404,0.09090423543235593
sensorless_drive,tensor,fold_1_train,7,6,3404,0.09090423543235593
sensorless_drive,tensor,fold_1_train,8,7,3404,0.09090423543235593
sensorless_drive,tensor,fold_1_train,9,8,3405,0.09093094055439833
sensorless_drive,tensor,fold_1_train,10,9,3404,0.09090423543235593
sensorless_drive,tensor,fold_1_test,0,1,851,0.09089938047425764
sensorless_drive,tensor,fold_1_test,1,10,851,0.09089938047425764
sensorless_drive,tensor,fold_1_test,2,11,851,0.09089938047425764
sensorless_drive,tensor,fold_1_test,3,2,851,0.09089938047425764
sensorless_drive,tensor,fold_1_test,4,3,851,0.09089938047425764
sensorless_drive,tensor,fold_1_test,5,4,851,0.09089938047425764
sensorless_drive,tensor,fold_1_test,6,5,851,0.09089938047425764
sensorless_drive,tensor,fold_1_test,7,6,851,0.09089938047425764
sensorless_drive,tensor,fold_1_test,8,7,852,0.09100619525742362
sensorless_drive,tensor,fold_1_test,9,8,851,0.09089938047425764
sensorless_drive,tensor,fold_1_test,10,9,851,0.09089938047425764
sensorless_drive,baseline,tuning_train,0,1,798,0.09094017094017094
sensorless_drive,baseline,tuning_train,1,10,798,0.09094017094017094
sensorless_drive,baseline,tuning_train,2,11,798,0.09094017094017094
sensorless_drive,baseline,tuning_train,3,2,798,0.09094017094017094
sensorless_drive,baseline,tuning_train,4,3,798,0.09094017094017094
sensorless_drive,baseline,tuning_train,5,4,797,0.09082621082621083
sensorless_drive,baseline,tuning_train,6,5,798,0.09094017094017094
sensorless_drive,baseline,tuning_train,7,6,798,0.09094017094017094
sensorless_drive,baseline,tuning_train,8,7,797,0.09082621082621083
sensorless_drive,baseline,tuning_train,9,8,797,0.09082621082621083
sensorless_drive,baseline,tuning_train,10,9,798,0.09094017094017094
sensorless_drive,baseline,tuning_val,0,1,266,0.09090909090909091
sensorless_drive,baseline,tuning_val,1,10,266,0.09090909090909091
sensorless_drive,baseline,tuning_val,2,11,266,0.09090909090909091
sensorless_drive,baseline,tuning_val,3,2,266,0.09090909090909091
sensorless_drive,baseline,tuning_val,4,3,266,0.09090909090909091
sensorless_drive,baseline,tuning_val,5,4,266,0.09090909090909091
sensorless_drive,baseline,tuning_val,6,5,266,0.09090909090909091
sensorless_drive,baseline,tuning_val,7,6,266,0.09090909090909091
sensorless_drive,baseline,tuning_val,8,7,266,0.09090909090909091
sensorless_drive,baseline,tuning_val,9,8,266,0.09090909090909091
sensorless_drive,baseline,tuning_val,10,9,266,0.09090909090909091
sensorless_drive,baseline,fold_1_train,0,1,3404,0.09090423543235593
sensorless_drive,baseline,fold_1_train,1,10,3404,0.09090423543235593
sensorless_drive,baseline,fold_1_train,2,11,3404,0.09090423543235593
sensorless_drive,baseline,fold_1_train,3,2,3404,0.09090423543235593
sensorless_drive,baseline,fold_1_train,4,3,3404,0.09090423543235593
sensorless_drive,baseline,fold_1_train,5,4,3405,0.09093094055439833
sensorless_drive,baseline,fold_1_train,6,5,3404,0.09090423543235593
sensorless_drive,baseline,fold_1_train,7,6,3404,0.09090423543235593
sensorless_drive,baseline,fold_1_train,8,7,3404,0.09090423543235593
sensorless_drive,baseline,fold_1_train,9,8,3405,0.09093094055439833
sensorless_drive,baseline,fold_1_train,10,9,3404,0.09090423543235593
sensorless_drive,baseline,fold_1_test,0,1,851,0.09089938047425764
sensorless_drive,baseline,fold_1_test,1,10,851,0.09089938047425764
sensorless_drive,baseline,fold_1_test,2,11,851,0.09089938047425764
sensorless_drive,baseline,fold_1_test,3,2,851,0.09089938047425764
sensorless_drive,baseline,fold_1_test,4,3,851,0.09089938047425764
sensorless_drive,baseline,fold_1_test,5,4,851,0.09089938047425764
sensorless_drive,baseline,fold_1_test,6,5,851,0.09089938047425764
sensorless_drive,baseline,fold_1_test,7,6,851,0.09089938047425764
sensorless_drive,baseline,fold_1_test,8,7,852,0.09100619525742362
sensorless_drive,baseline,fold_1_test,9,8,851,0.09089938047425764
sensorless_drive,baseline,fold_1_test,10,9,851,0.09089938047425764
sensory,tensor,tuning_train,0,N,36,0.4186046511627907
sensory,tensor,tuning_train,1,P,50,0.5813953488372093
sensory,tensor,tuning_val,0,N,12,0.41379310344827586
sensory,tensor,tuning_val,1,P,17,0.5862068965517241
sensory,tensor,fold_1_train,0,N,152,0.41304347826086957
sensory,tensor,fold_1_train,1,P,216,0.5869565217391305
sensory,tensor,fold_1_test,0,N,39,0.41935483870967744
sensory,tensor,fold_1_test,1,P,54,0.5806451612903226
sensory,baseline,tuning_train,0,N,36,0.4186046511627907
sensory,baseline,tuning_train,1,P,50,0.5813953488372093
sensory,baseline,tuning_val,0,N,12,0.41379310344827586
sensory,baseline,tuning_val,1,P,17,0.5862068965517241
sensory,baseline,fold_1_train,0,N,152,0.41304347826086957
sensory,baseline,fold_1_train,1,P,216,0.5869565217391305
sensory,baseline,fold_1_test,0,N,39,0.41935483870967744
sensory,baseline,fold_1_test,1,P,54,0.5806451612903226
shuttle,tensor,tuning_train,0,1,6838,0.7859770114942529
shuttle,tensor,tuning_train,1,2,7,0.0008045977011494253
shuttle,tensor,tuning_train,2,3,26,0.002988505747126437
shuttle,tensor,tuning_train,3,4,1336,0.15356321839080458
shuttle,tensor,tuning_train,4,5,490,0.05632183908045977
shuttle,tensor,tuning_train,5,6,1,0.00011494252873563218
shuttle,tensor,tuning_train,6,7,2,0.00022988505747126436
shuttle,tensor,tuning_val,0,1,2279,0.7858620689655172
shuttle,tensor,tuning_val,1,2,3,0.0010344827586206897
shuttle,tensor,tuning_val,2,3,8,0.002758620689655172
shuttle,tensor,tuning_val,3,4,445,0.15344827586206897
shuttle,tensor,tuning_val,4,5,163,0.05620689655172414
shuttle,tensor,tuning_val,5,6,1,0.0003448275862068965
shuttle,tensor,tuning_val,6,7,1,0.0003448275862068965
shuttle,tensor,fold_1_train,0,1,29175,0.7859644396551724
shuttle,tensor,fold_1_train,1,2,32,0.0008620689655172414
shuttle,tensor,fold_1_train,2,3,109,0.0029364224137931032
shuttle,tensor,fold_1_train,3,4,5697,0.1534752155172414
shuttle,tensor,fold_1_train,4,5,2092,0.05635775862068965
shuttle,tensor,fold_1_train,5,6,7,0.00018857758620689655
shuttle,tensor,fold_1_train,6,7,8,0.00021551724137931034
shuttle,tensor,fold_1_test,0,1,7294,0.7859913793103448
shuttle,tensor,fold_1_test,1,2,8,0.0008620689655172414
shuttle,tensor,fold_1_test,2,3,28,0.003017241379310345
shuttle,tensor,fold_1_test,3,4,1425,0.15355603448275862
shuttle,tensor,fold_1_test,4,5,522,0.05625
shuttle,tensor,fold_1_test,5,6,1,0.00010775862068965517
shuttle,tensor,fold_1_test,6,7,2,0.00021551724137931034
shuttle,baseline,tuning_train,0,1,6838,0.7859770114942529
shuttle,baseline,tuning_train,1,2,7,0.0008045977011494253
shuttle,baseline,tuning_train,2,3,26,0.002988505747126437
shuttle,baseline,tuning_train,3,4,1336,0.15356321839080458
shuttle,baseline,tuning_train,4,5,490,0.05632183908045977
shuttle,baseline,tuning_train,5,6,1,0.00011494252873563218
shuttle,baseline,tuning_train,6,7,2,0.00022988505747126436
shuttle,baseline,tuning_val,0,1,2279,0.7858620689655172
shuttle,baseline,tuning_val,1,2,3,0.0010344827586206897
shuttle,baseline,tuning_val,2,3,8,0.002758620689655172
shuttle,baseline,tuning_val,3,4,445,0.15344827586206897
shuttle,baseline,tuning_val,4,5,163,0.05620689655172414
shuttle,baseline,tuning_val,5,6,1,0.0003448275862068965
shuttle,baseline,tuning_val,6,7,1,0.0003448275862068965
shuttle,baseline,fold_1_train,0,1,29175,0.7859644396551724
shuttle,baseline,fold_1_train,1,2,32,0.0008620689655172414
shuttle,baseline,fold_1_train,2,3,109,0.0029364224137931032
shuttle,baseline,fold_1_train,3,4,5697,0.1534752155172414
shuttle,baseline,fold_1_train,4,5,2092,0.05635775862068965
shuttle,baseline,fold_1_train,5,6,7,0.00018857758620689655
shuttle,baseline,fold_1_train,6,7,8,0.00021551724137931034
shuttle,baseline,fold_1_test,0,1,7294,0.7859913793103448
shuttle,baseline,fold_1_test,1,2,8,0.0008620689655172414
shuttle,baseline,fold_1_test,2,3,28,0.003017241379310345
shuttle,baseline,fold_1_test,3,4,1425,0.15355603448275862
shuttle,baseline,fold_1_test,4,5,522,0.05625
shuttle,baseline,fold_1_test,5,6,1,0.00010775862068965517
shuttle,baseline,fold_1_test,6,7,2,0.00021551724137931034
skin_segmentation,tensor,tuning_train,0,1,7629,0.20754665651014745
skin_segmentation,tensor,tuning_train,1,2,29129,0.7924533434898525
skin_segmentation,tensor,tuning_val,0,1,2543,0.20754101036480863
skin_segmentation,tensor,tuning_val,1,2,9710,0.7924589896351913
skin_segmentation,tensor,fold_1_train,0,1,32549,0.20753525976178938
skin_segmentation,tensor,fold_1_train,1,2,124287,0.7924647402382106
skin_segmentation,tensor,fold_1_test,0,1,8138,0.2075490946187197
skin_segmentation,tensor,fold_1_test,1,2,31072,0.7924509053812803
skin_segmentation,baseline,tuning_train,0,1,7629,0.20754665651014745
skin_segmentation,baseline,tuning_train,1,2,29129,0.7924533434898525
skin_segmentation,baseline,tuning_val,0,1,2543,0.20754101036480863
skin_segmentation,baseline,tuning_val,1,2,9710,0.7924589896351913
skin_segmentation,baseline,fold_1_train,0,1,32549,0.20753525976178938
skin_segmentation,baseline,fold_1_train,1,2,124287,0.7924647402382106
skin_segmentation,baseline,fold_1_test,0,1,8138,0.2075490946187197
skin_segmentation,baseline,fold_1_test,1,2,31072,0.7924509053812803
three_of_nine,tensor,tuning_train,0,0,41,0.5394736842105263
three_of_nine,tensor,tuning_train,1,1,35,0.4605263157894737
three_of_nine,tensor,tuning_val,0,0,14,0.5384615384615384
three_of_nine,tensor,tuning_val,1,1,12,0.46153846153846156
three_of_nine,tensor,fold_1_train,0,0,175,0.5335365853658537
three_of_nine,tensor,fold_1_train,1,1,153,0.46646341463414637
three_of_nine,tensor,fold_1_test,0,0,44,0.5365853658536586
three_of_nine,tensor,fold_1_test,1,1,38,0.4634146341463415
three_of_nine,baseline,tuning_train,0,0,41,0.5394736842105263
three_of_nine,baseline,tuning_train,1,1,35,0.4605263157894737
three_of_nine,baseline,tuning_val,0,0,14,0.5384615384615384
three_of_nine,baseline,tuning_val,1,1,12,0.46153846153846156
three_of_nine,baseline,fold_1_train,0,0,175,0.5335365853658537
three_of_nine,baseline,fold_1_train,1,1,153,0.46646341463414637
three_of_nine,baseline,fold_1_test,0,0,44,0.5365853658536586
three_of_nine,baseline,fold_1_test,1,1,38,0.4634146341463415
vehicle,tensor,tuning_train,0,N,3,0.5
vehicle,tensor,tuning_train,1,P,3,0.5
vehicle,tensor,tuning_val,0,N,1,0.3333333333333333
vehicle,tensor,tuning_val,1,P,2,0.6666666666666666
vehicle,tensor,fold_1_train,0,N,13,0.41935483870967744
vehicle,tensor,fold_1_train,1,P,18,0.5806451612903226
vehicle,tensor,fold_1_test,0,N,4,0.5
vehicle,tensor,fold_1_test,1,P,4,0.5
vehicle,baseline,tuning_train,0,N,3,0.5
vehicle,baseline,tuning_train,1,P,3,0.5
vehicle,baseline,tuning_val,0,N,1,0.3333333333333333
vehicle,baseline,tuning_val,1,P,2,0.6666666666666666
vehicle,baseline,fold_1_train,0,N,13,0.41935483870967744
vehicle,baseline,fold_1_train,1,P,18,0.5806451612903226
vehicle,baseline,fold_1_test,0,N,4,0.5
vehicle,baseline,fold_1_test,1,P,4,0.5
xd6,tensor,tuning_train,0,0,97,0.6689655172413793
xd6,tensor,tuning_train,1,1,48,0.3310344827586207
xd6,tensor,tuning_val,0,0,33,0.673469387755102
xd6,tensor,tuning_val,1,1,16,0.32653061224489793
xd6,tensor,fold_1_train,0,0,416,0.6677367576243981
xd6,tensor,fold_1_train,1,1,207,0.33226324237560195
xd6,tensor,fold_1_test,0,0,105,0.6730769230769231
xd6,tensor,fold_1_test,1,1,51,0.3269230769230769
xd6,baseline,tuning_train,0,0,97,0.6689655172413793
xd6,baseline,tuning_train,1,1,48,0.3310344827586207
xd6,baseline,tuning_val,0,0,33,0.673469387755102
xd6,baseline,tuning_val,1,1,16,0.32653061224489793
xd6,baseline,fold_1_train,0,0,416,0.6677367576243981
xd6,baseline,fold_1_train,1,1,207,0.33226324237560195
xd6,baseline,fold_1_test,0,0,105,0.6730769230769231
xd6,baseline,fold_1_test,1,1,51,0.3269230769230769
