dataset,representation,feature,feature_type,cardinality
aps_failure,tensor,aa_000,numerical,10.0
aps_failure,tensor,ab_000,numerical,1.0
aps_failure,tensor,ac_000,numerical,9.0
aps_failure,tensor,ad_000,numerical,8.0
aps_failure,tensor,ae_000,numerical,1.0
aps_failure,tensor,af_000,numerical,1.0
aps_failure,tensor,ag_000,numerical,1.0
aps_failure,tensor,ag_001,numerical,1.0
aps_failure,tensor,ag_002,numerical,1.0
aps_failure,tensor,ag_003,numerical,3.0
aps_failure,tensor,ag_004,numerical,10.0
aps_failure,tensor,ag_005,numerical,10.0
aps_failure,tensor,ag_006,numerical,10.0
aps_failure,tensor,ag_007,numerical,8.0
aps_failure,tensor,ag_008,numerical,6.0
aps_failure,tensor,ag_009,numerical,4.0
aps_failure,tensor,ah_000,numerical,10.0
aps_failure,tensor,ai_000,numerical,1.0
aps_failure,tensor,aj_000,numerical,3.0
aps_failure,tensor,ak_000,numerical,1.0
aps_failure,tensor,al_000,numerical,4.0
aps_failure,tensor,am_0,numerical,4.0
aps_failure,tensor,an_000,numerical,10.0
aps_failure,tensor,ao_000,numerical,10.0
aps_failure,tensor,ap_000,numerical,10.0
aps_failure,tensor,aq_000,numerical,10.0
aps_failure,tensor,ar_000,numerical,1.0
aps_failure,tensor,as_000,numerical,1.0
aps_failure,tensor,at_000,numerical,1.0
aps_failure,tensor,au_000,numerical,1.0
aps_failure,tensor,av_000,numerical,9.0
aps_failure,tensor,ax_000,numerical,9.0
aps_failure,tensor,ay_000,numerical,1.0
aps_failure,tensor,ay_001,numerical,1.0
aps_failure,tensor,ay_002,numerical,1.0
aps_failure,tensor,ay_003,numerical,1.0
aps_failure,tensor,ay_004,numerical,1.0
aps_failure,tensor,ay_005,numerical,5.0
aps_failure,tensor,ay_006,numerical,8.0
aps_failure,tensor,ay_007,numerical,9.0
aps_failure,tensor,ay_008,numerical,10.0
aps_failure,tensor,ay_009,numerical,1.0
aps_failure,tensor,az_000,numerical,10.0
aps_failure,tensor,az_001,numerical,10.0
aps_failure,tensor,az_002,numerical,10.0
aps_failure,tensor,az_003,numerical,10.0
aps_failure,tensor,az_004,numerical,10.0
aps_failure,tensor,az_005,numerical,10.0
aps_failure,tensor,az_006,numerical,9.0
aps_failure,tensor,az_007,numerical,3.0
aps_failure,tensor,az_008,numerical,1.0
aps_failure,tensor,az_009,numerical,1.0
aps_failure,tensor,ba_000,numerical,10.0
aps_failure,tensor,ba_001,numerical,10.0
aps_failure,tensor,ba_002,numerical,10.0
aps_failure,tensor,ba_003,numerical,10.0
aps_failure,tensor,ba_004,numerical,10.0
aps_failure,tensor,ba_005,numerical,10.0
aps_failure,tensor,ba_006,numerical,10.0
aps_failure,tensor,ba_007,numerical,9.0
aps_failure,tensor,ba_008,numerical,6.0
aps_failure,tensor,ba_009,numerical,4.0
aps_failure,tensor,bb_000,numerical,10.0
aps_failure,tensor,bc_000,numerical,7.0
aps_failure,tensor,bd_000,numerical,10.0
aps_failure,tensor,be_000,numerical,9.0
aps_failure,tensor,bf_000,numerical,6.0
aps_failure,tensor,bg_000,numerical,10.0
aps_failure,tensor,bh_000,numerical,10.0
aps_failure,tensor,bi_000,numerical,10.0
aps_failure,tensor,bj_000,numerical,10.0
aps_failure,tensor,bk_000,numerical,8.0
aps_failure,tensor,bl_000,numerical,6.0
aps_failure,tensor,bm_000,numerical,4.0
aps_failure,tensor,bn_000,numerical,4.0
aps_failure,tensor,bo_000,numerical,4.0
aps_failure,tensor,bp_000,numerical,4.0
aps_failure,tensor,bq_000,numerical,2.0
aps_failure,tensor,br_000,numerical,2.0
aps_failure,tensor,bs_000,numerical,10.0
aps_failure,tensor,bt_000,numerical,10.0
aps_failure,tensor,bu_000,numerical,10.0
aps_failure,tensor,bv_000,numerical,10.0
aps_failure,tensor,bx_000,numerical,10.0
aps_failure,tensor,by_000,numerical,10.0
aps_failure,tensor,bz_000,numerical,8.0
aps_failure,tensor,ca_000,numerical,10.0
aps_failure,tensor,cb_000,numerical,10.0
aps_failure,tensor,cc_000,numerical,10.0
aps_failure,tensor,cd_000,numerical,1.0
aps_failure,tensor,ce_000,numerical,9.0
aps_failure,tensor,cf_000,numerical,3.0
aps_failure,tensor,cg_000,numerical,8.0
aps_failure,tensor,ch_000,numerical,1.0
aps_failure,tensor,ci_000,numerical,10.0
aps_failure,tensor,cj_000,numerical,3.0
aps_failure,tensor,ck_000,numerical,10.0
aps_failure,tensor,cl_000,numerical,3.0
aps_failure,tensor,cm_000,numerical,6.0
aps_failure,tensor,cn_000,numerical,1.0
aps_failure,tensor,cn_001,numerical,2.0
aps_failure,tensor,cn_002,numerical,5.0
aps_failure,tensor,cn_003,numerical,10.0
aps_failure,tensor,cn_004,numerical,10.0
aps_failure,tensor,cn_005,numerical,10.0
aps_failure,tensor,cn_006,numerical,10.0
aps_failure,tensor,cn_007,numerical,9.0
aps_failure,tensor,cn_008,numerical,8.0
aps_failure,tensor,cn_009,numerical,6.0
aps_failure,tensor,co_000,numerical,6.0
aps_failure,tensor,cp_000,numerical,9.0
aps_failure,tensor,cq_000,numerical,10.0
aps_failure,tensor,cr_000,numerical,1.0
aps_failure,tensor,cs_000,numerical,10.0
aps_failure,tensor,cs_001,numerical,10.0
aps_failure,tensor,cs_002,numerical,10.0
aps_failure,tensor,cs_003,numerical,10.0
aps_failure,tensor,cs_004,numerical,10.0
aps_failure,tensor,cs_005,numerical,10.0
aps_failure,tensor,cs_006,numerical,10.0
aps_failure,tensor,cs_007,numerical,10.0
aps_failure,tensor,cs_008,numerical,8.0
aps_failure,tensor,cs_009,numerical,1.0
aps_failure,tensor,ct_000,numerical,8.0
aps_failure,tensor,cu_000,numerical,8.0
aps_failure,tensor,cv_000,numerical,8.0
aps_failure,tensor,cx_000,numerical,8.0
aps_failure,tensor,cy_000,numerical,2.0
aps_failure,tensor,cz_000,numerical,7.0
aps_failure,tensor,da_000,numerical,1.0
aps_failure,tensor,db_000,numerical,4.0
aps_failure,tensor,dc_000,numerical,8.0
aps_failure,tensor,dd_000,numerical,10.0
aps_failure,tensor,de_000,numerical,10.0
aps_failure,tensor,df_000,numerical,1.0
aps_failure,tensor,dg_000,numerical,1.0
aps_failure,tensor,dh_000,numerical,2.0
aps_failure,tensor,di_000,numerical,2.0
aps_failure,tensor,dj_000,numerical,1.0
aps_failure,tensor,dk_000,numerical,1.0
aps_failure,tensor,dl_000,numerical,1.0
aps_failure,tensor,dm_000,numerical,1.0
aps_failure,tensor,dn_000,numerical,10.0
aps_failure,tensor,do_000,numerical,8.0
aps_failure,tensor,dp_000,numerical,8.0
aps_failure,tensor,dq_000,numerical,3.0
aps_failure,tensor,dr_000,numerical,3.0
aps_failure,tensor,ds_000,numerical,10.0
aps_failure,tensor,dt_000,numerical,10.0
aps_failure,tensor,du_000,numerical,10.0
aps_failure,tensor,dv_000,numerical,10.0
aps_failure,tensor,dx_000,numerical,3.0
aps_failure,tensor,dy_000,numerical,4.0
aps_failure,tensor,dz_000,numerical,1.0
aps_failure,tensor,ea_000,numerical,1.0
aps_failure,tensor,eb_000,numerical,7.0
aps_failure,tensor,ec_00,numerical,10.0
aps_failure,tensor,ed_000,numerical,10.0
aps_failure,tensor,ee_000,numerical,10.0
aps_failure,tensor,ee_001,numerical,10.0
aps_failure,tensor,ee_002,numerical,10.0
aps_failure,tensor,ee_003,numerical,10.0
aps_failure,tensor,ee_004,numerical,10.0
aps_failure,tensor,ee_005,numerical,10.0
aps_failure,tensor,ee_006,numerical,10.0
aps_failure,tensor,ee_007,numerical,9.0
aps_failure,tensor,ee_008,numerical,8.0
aps_failure,tensor,ee_009,numerical,5.0
aps_failure,tensor,ef_000,numerical,1.0
aps_failure,tensor,eg_000,numerical,1.0
aps_failure,baseline,aa_000,numerical,
aps_failure,baseline,ab_000,numerical,
aps_failure,baseline,ac_000,numerical,
aps_failure,baseline,ad_000,numerical,
aps_failure,baseline,ae_000,numerical,
aps_failure,baseline,af_000,numerical,
aps_failure,baseline,ag_000,numerical,
aps_failure,baseline,ag_001,numerical,
aps_failure,baseline,ag_002,numerical,
aps_failure,baseline,ag_003,numerical,
aps_failure,baseline,ag_004,numerical,
aps_failure,baseline,ag_005,numerical,
aps_failure,baseline,ag_006,numerical,
aps_failure,baseline,ag_007,numerical,
aps_failure,baseline,ag_008,numerical,
aps_failure,baseline,ag_009,numerical,
aps_failure,baseline,ah_000,numerical,
aps_failure,baseline,ai_000,numerical,
aps_failure,baseline,aj_000,numerical,
aps_failure,baseline,ak_000,numerical,
aps_failure,baseline,al_000,numerical,
aps_failure,baseline,am_0,numerical,
aps_failure,baseline,an_000,numerical,
aps_failure,baseline,ao_000,numerical,
aps_failure,baseline,ap_000,numerical,
aps_failure,baseline,aq_000,numerical,
aps_failure,baseline,ar_000,numerical,
aps_failure,baseline,as_000,numerical,
aps_failure,baseline,at_000,numerical,
aps_failure,baseline,au_000,numerical,
aps_failure,baseline,av_000,numerical,
aps_failure,baseline,ax_000,numerical,
aps_failure,baseline,ay_000,numerical,
aps_failure,baseline,ay_001,numerical,
aps_failure,baseline,ay_002,numerical,
aps_failure,baseline,ay_003,numerical,
aps_failure,baseline,ay_004,numerical,
aps_failure,baseline,ay_005,numerical,
aps_failure,baseline,ay_006,numerical,
aps_failure,baseline,ay_007,numerical,
aps_failure,baseline,ay_008,numerical,
aps_failure,baseline,ay_009,numerical,
aps_failure,baseline,az_000,numerical,
aps_failure,baseline,az_001,numerical,
aps_failure,baseline,az_002,numerical,
aps_failure,baseline,az_003,numerical,
aps_failure,baseline,az_004,numerical,
aps_failure,baseline,az_005,numerical,
aps_failure,baseline,az_006,numerical,
aps_failure,baseline,az_007,numerical,
aps_failure,baseline,az_008,numerical,
aps_failure,baseline,az_009,numerical,
aps_failure,baseline,ba_000,numerical,
aps_failure,baseline,ba_001,numerical,
aps_failure,baseline,ba_002,numerical,
aps_failure,baseline,ba_003,numerical,
aps_failure,baseline,ba_004,numerical,
aps_failure,baseline,ba_005,numerical,
aps_failure,baseline,ba_006,numerical,
aps_failure,baseline,ba_007,numerical,
aps_failure,baseline,ba_008,numerical,
aps_failure,baseline,ba_009,numerical,
aps_failure,baseline,bb_000,numerical,
aps_failure,baseline,bc_000,numerical,
aps_failure,baseline,bd_000,numerical,
aps_failure,baseline,be_000,numerical,
aps_failure,baseline,bf_000,numerical,
aps_failure,baseline,bg_000,numerical,
aps_failure,baseline,bh_000,numerical,
aps_failure,baseline,bi_000,numerical,
aps_failure,baseline,bj_000,numerical,
aps_failure,baseline,bk_000,numerical,
aps_failure,baseline,bl_000,numerical,
aps_failure,baseline,bm_000,numerical,
aps_failure,baseline,bn_000,numerical,
aps_failure,baseline,bo_000,numerical,
aps_failure,baseline,bp_000,numerical,
aps_failure,baseline,bq_000,numerical,
aps_failure,baseline,br_000,numerical,
aps_failure,baseline,bs_000,numerical,
aps_failure,baseline,bt_000,numerical,
aps_failure,baseline,bu_000,numerical,
aps_failure,baseline,bv_000,numerical,
aps_failure,baseline,bx_000,numerical,
aps_failure,baseline,by_000,numerical,
aps_failure,baseline,bz_000,numerical,
aps_failure,baseline,ca_000,numerical,
aps_failure,baseline,cb_000,numerical,
aps_failure,baseline,cc_000,numerical,
aps_failure,baseline,cd_000,numerical,
aps_failure,baseline,ce_000,numerical,
aps_failure,baseline,cf_000,numerical,
aps_failure,baseline,cg_000,numerical,
aps_failure,baseline,ch_000,numerical,
aps_failure,baseline,ci_000,numerical,
aps_failure,baseline,cj_000,numerical,
aps_failure,baseline,ck_000,numerical,
aps_failure,baseline,cl_000,numerical,
aps_failure,baseline,cm_000,numerical,
aps_failure,baseline,cn_000,numerical,
aps_failure,baseline,cn_001,numerical,
aps_failure,baseline,cn_002,numerical,
aps_failure,baseline,cn_003,numerical,
aps_failure,baseline,cn_004,numerical,
aps_failure,baseline,cn_005,numerical,
aps_failure,baseline,cn_006,numerical,
aps_failure,baseline,cn_007,numerical,
aps_failure,baseline,cn_008,numerical,
aps_failure,baseline,cn_009,numerical,
aps_failure,baseline,co_000,numerical,
aps_failure,baseline,cp_000,numerical,
aps_failure,baseline,cq_000,numerical,
aps_failure,baseline,cr_000,numerical,
aps_failure,baseline,cs_000,numerical,
aps_failure,baseline,cs_001,numerical,
aps_failure,baseline,cs_002,numerical,
aps_failure,baseline,cs_003,numerical,
aps_failure,baseline,cs_004,numerical,
aps_failure,baseline,cs_005,numerical,
aps_failure,baseline,cs_006,numerical,
aps_failure,baseline,cs_007,numerical,
aps_failure,baseline,cs_008,numerical,
aps_failure,baseline,cs_009,numerical,
aps_failure,baseline,ct_000,numerical,
aps_failure,baseline,cu_000,numerical,
aps_failure,baseline,cv_000,numerical,
aps_failure,baseline,cx_000,numerical,
aps_failure,baseline,cy_000,numerical,
aps_failure,baseline,cz_000,numerical,
aps_failure,baseline,da_000,numerical,
aps_failure,baseline,db_000,numerical,
aps_failure,baseline,dc_000,numerical,
aps_failure,baseline,dd_000,numerical,
aps_failure,baseline,de_000,numerical,
aps_failure,baseline,df_000,numerical,
aps_failure,baseline,dg_000,numerical,
aps_failure,baseline,dh_000,numerical,
aps_failure,baseline,di_000,numerical,
aps_failure,baseline,dj_000,numerical,
aps_failure,baseline,dk_000,numerical,
aps_failure,baseline,dl_000,numerical,
aps_failure,baseline,dm_000,numerical,
aps_failure,baseline,dn_000,numerical,
aps_failure,baseline,do_000,numerical,
aps_failure,baseline,dp_000,numerical,
aps_failure,baseline,dq_000,numerical,
aps_failure,baseline,dr_000,numerical,
aps_failure,baseline,ds_000,numerical,
aps_failure,baseline,dt_000,numerical,
aps_failure,baseline,du_000,numerical,
aps_failure,baseline,dv_000,numerical,
aps_failure,baseline,dx_000,numerical,
aps_failure,baseline,dy_000,numerical,
aps_failure,baseline,dz_000,numerical,
aps_failure,baseline,ea_000,numerical,
aps_failure,baseline,eb_000,numerical,
aps_failure,baseline,ec_00,numerical,
aps_failure,baseline,ed_000,numerical,
aps_failure,baseline,ee_000,numerical,
aps_failure,baseline,ee_001,numerical,
aps_failure,baseline,ee_002,numerical,
aps_failure,baseline,ee_003,numerical,
aps_failure,baseline,ee_004,numerical,
aps_failure,baseline,ee_005,numerical,
aps_failure,baseline,ee_006,numerical,
aps_failure,baseline,ee_007,numerical,
aps_failure,baseline,ee_008,numerical,
aps_failure,baseline,ee_009,numerical,
aps_failure,baseline,ef_000,numerical,
aps_failure,baseline,eg_000,numerical,
asia_lung,tensor,A,categorical,4.0
asia_lung,tensor,S,categorical,4.0
asia_lung,tensor,T,categorical,4.0
asia_lung,tensor,B,categorical,4.0
asia_lung,tensor,E,categorical,4.0
asia_lung,tensor,X,categorical,4.0
asia_lung,tensor,D,categorical,4.0
asia_lung,baseline,A,categorical,4.0
asia_lung,baseline,S,categorical,4.0
asia_lung,baseline,T,categorical,4.0
asia_lung,baseline,B,categorical,4.0
asia_lung,baseline,E,categorical,4.0
asia_lung,baseline,X,categorical,4.0
asia_lung,baseline,D,categorical,4.0
balance_scale,tensor,left_weight,numerical,3.0
balance_scale,tensor,left_distance,numerical,4.0
balance_scale,tensor,right_weight,numerical,4.0
balance_scale,tensor,right_distance,numerical,4.0
balance_scale,baseline,left_weight,numerical,
balance_scale,baseline,left_distance,numerical,
balance_scale,baseline,right_weight,numerical,
balance_scale,baseline,right_distance,numerical,
car_evaluation,tensor,buying,categorical,6.0
car_evaluation,tensor,maint,categorical,6.0
car_evaluation,tensor,doors,categorical,6.0
car_evaluation,tensor,persons,categorical,5.0
car_evaluation,tensor,lug_boot,categorical,5.0
car_evaluation,tensor,safety,categorical,5.0
car_evaluation,baseline,buying,categorical,6.0
car_evaluation,baseline,maint,categorical,6.0
car_evaluation,baseline,doors,categorical,6.0
car_evaluation,baseline,persons,categorical,5.0
car_evaluation,baseline,lug_boot,categorical,5.0
car_evaluation,baseline,safety,categorical,5.0
census_income_kdd,tensor,class_of_worker,categorical,11.0
census_income_kdd,tensor,industry_code,categorical,54.0
census_income_kdd,tensor,occupation_code,categorical,49.0
census_income_kdd,tensor,education,categorical,19.0
census_income_kdd,tensor,enrolled_in_education,categorical,5.0
census_income_kdd,tensor,marital_status,categorical,9.0
census_income_kdd,tensor,major_industry_code,categorical,26.0
census_income_kdd,tensor,major_occupation_code,categorical,17.0
census_income_kdd,tensor,race,categorical,7.0
census_income_kdd,tensor,hispanic_origin,categorical,11.0
census_income_kdd,tensor,sex,categorical,4.0
census_income_kdd,tensor,member_of_labor_union,categorical,5.0
census_income_kdd,tensor,reason_for_unemployment,categorical,8.0
census_income_kdd,tensor,employment_status,categorical,10.0
census_income_kdd,tensor,tax_filer_status,categorical,8.0
census_income_kdd,tensor,previous_residence_region,categorical,8.0
census_income_kdd,tensor,previous_residence_state,categorical,52.0
census_income_kdd,tensor,household_family_stat,categorical,40.0
census_income_kdd,tensor,household_summary,categorical,10.0
census_income_kdd,tensor,migration_msa,categorical,11.0
census_income_kdd,tensor,migration_reg,categorical,10.0
census_income_kdd,tensor,migration_within_reg,categorical,11.0
census_income_kdd,tensor,same_house_one_year_ago,categorical,5.0
census_income_kdd,tensor,previous_residence_sunbelt,categorical,5.0
census_income_kdd,tensor,family_members_under_18,categorical,7.0
census_income_kdd,tensor,country_of_birth_father,categorical,44.0
census_income_kdd,tensor,country_of_birth_mother,categorical,44.0
census_income_kdd,tensor,country_of_birth_self,categorical,44.0
census_income_kdd,tensor,citizenship,categorical,7.0
census_income_kdd,tensor,own_business_or_self_employed,categorical,5.0
census_income_kdd,tensor,veterans_questionnaire,categorical,5.0
census_income_kdd,tensor,veterans_benefits,categorical,5.0
census_income_kdd,tensor,age,numerical,10.0
census_income_kdd,tensor,wage_per_hour,numerical,1.0
census_income_kdd,tensor,capital_gains,numerical,1.0
census_income_kdd,tensor,capital_losses,numerical,1.0
census_income_kdd,tensor,dividends_from_stocks,numerical,2.0
census_income_kdd,tensor,num_persons_worked_for_employer,numerical,3.0
census_income_kdd,tensor,weeks_worked_in_year,numerical,3.0
census_income_kdd,tensor,year,numerical,1.0
census_income_kdd,baseline,class_of_worker,categorical,11.0
census_income_kdd,baseline,industry_code,categorical,54.0
census_income_kdd,baseline,occupation_code,categorical,49.0
census_income_kdd,baseline,education,categorical,19.0
census_income_kdd,baseline,enrolled_in_education,categorical,5.0
census_income_kdd,baseline,marital_status,categorical,9.0
census_income_kdd,baseline,major_industry_code,categorical,26.0
census_income_kdd,baseline,major_occupation_code,categorical,17.0
census_income_kdd,baseline,race,categorical,7.0
census_income_kdd,baseline,hispanic_origin,categorical,11.0
census_income_kdd,baseline,sex,categorical,4.0
census_income_kdd,baseline,member_of_labor_union,categorical,5.0
census_income_kdd,baseline,reason_for_unemployment,categorical,8.0
census_income_kdd,baseline,employment_status,categorical,10.0
census_income_kdd,baseline,tax_filer_status,categorical,8.0
census_income_kdd,baseline,previous_residence_region,categorical,8.0
census_income_kdd,baseline,previous_residence_state,categorical,52.0
census_income_kdd,baseline,household_family_stat,categorical,40.0
census_income_kdd,baseline,household_summary,categorical,10.0
census_income_kdd,baseline,migration_msa,categorical,11.0
census_income_kdd,baseline,migration_reg,categorical,10.0
census_income_kdd,baseline,migration_within_reg,categorical,11.0
census_income_kdd,baseline,same_house_one_year_ago,categorical,5.0
census_income_kdd,baseline,previous_residence_sunbelt,categorical,5.0
census_income_kdd,baseline,family_members_under_18,categorical,7.0
census_income_kdd,baseline,country_of_birth_father,categorical,44.0
census_income_kdd,baseline,country_of_birth_mother,categorical,44.0
census_income_kdd,baseline,country_of_birth_self,categorical,44.0
census_income_kdd,baseline,citizenship,categorical,7.0
census_income_kdd,baseline,own_business_or_self_employed,categorical,5.0
census_income_kdd,baseline,veterans_questionnaire,categorical,5.0
census_income_kdd,baseline,veterans_benefits,categorical,5.0
census_income_kdd,baseline,age,numerical,
census_income_kdd,baseline,wage_per_hour,numerical,
census_income_kdd,baseline,capital_gains,numerical,
census_income_kdd,baseline,capital_losses,numerical,
census_income_kdd,baseline,dividends_from_stocks,numerical,
census_income_kdd,baseline,num_persons_worked_for_employer,numerical,
census_income_kdd,baseline,weeks_worked_in_year,numerical,
census_income_kdd,baseline,year,numerical,
cleveland,tensor,sex,categorical,4.0
cleveland,tensor,cp,categorical,6.0
cleveland,tensor,fbs,categorical,4.0
cleveland,tensor,restecg,categorical,5.0
cleveland,tensor,exang,categorical,4.0
cleveland,tensor,slope,categorical,5.0
cleveland,tensor,thal,categorical,6.0
cleveland,baseline,sex,categorical,4.0
cleveland,baseline,cp,categorical,6.0
cleveland,baseline,fbs,categorical,4.0
cleveland,baseline,restecg,categorical,5.0
cleveland,baseline,exang,categorical,4.0
cleveland,baseline,slope,categorical,5.0
cleveland,baseline,thal,categorical,6.0
conf_ad,tensor,uni,categorical,9.0
conf_ad,tensor,tshirtSize,categorical,8.0
conf_ad,tensor,favSubject,categorical,5.0
conf_ad,tensor,wegan,categorical,4.0
conf_ad,tensor,participation,categorical,4.0
conf_ad,tensor,regDateCat,categorical,7.0
conf_ad,baseline,uni,categorical,9.0
conf_ad,baseline,tshirtSize,categorical,8.0
conf_ad,baseline,favSubject,categorical,5.0
conf_ad,baseline,wegan,categorical,4.0
conf_ad,baseline,participation,categorical,4.0
conf_ad,baseline,regDateCat,categorical,7.0
connect_4,tensor,a1,categorical,5.0
connect_4,tensor,a2,categorical,5.0
connect_4,tensor,a3,categorical,5.0
connect_4,tensor,a4,categorical,5.0
connect_4,tensor,a5,categorical,5.0
connect_4,tensor,a6,categorical,5.0
connect_4,tensor,b1,categorical,5.0
connect_4,tensor,b2,categorical,5.0
connect_4,tensor,b3,categorical,5.0
connect_4,tensor,b4,categorical,5.0
connect_4,tensor,b5,categorical,5.0
connect_4,tensor,b6,categorical,5.0
connect_4,tensor,c1,categorical,5.0
connect_4,tensor,c2,categorical,5.0
connect_4,tensor,c3,categorical,5.0
connect_4,tensor,c4,categorical,5.0
connect_4,tensor,c5,categorical,5.0
connect_4,tensor,c6,categorical,5.0
connect_4,tensor,d1,categorical,5.0
connect_4,tensor,d2,categorical,5.0
connect_4,tensor,d3,categorical,5.0
connect_4,tensor,d4,categorical,5.0
connect_4,tensor,d5,categorical,5.0
connect_4,tensor,d6,categorical,5.0
connect_4,tensor,e1,categorical,5.0
connect_4,tensor,e2,categorical,5.0
connect_4,tensor,e3,categorical,5.0
connect_4,tensor,e4,categorical,5.0
connect_4,tensor,e5,categorical,5.0
connect_4,tensor,e6,categorical,5.0
connect_4,tensor,f1,categorical,5.0
connect_4,tensor,f2,categorical,5.0
connect_4,tensor,f3,categorical,5.0
connect_4,tensor,f4,categorical,5.0
connect_4,tensor,f5,categorical,5.0
connect_4,tensor,f6,categorical,5.0
connect_4,tensor,g1,categorical,5.0
connect_4,tensor,g2,categorical,5.0
connect_4,tensor,g3,categorical,5.0
connect_4,tensor,g4,categorical,5.0
connect_4,tensor,g5,categorical,5.0
connect_4,tensor,g6,categorical,5.0
connect_4,baseline,a1,categorical,5.0
connect_4,baseline,a2,categorical,5.0
connect_4,baseline,a3,categorical,5.0
connect_4,baseline,a4,categorical,5.0
connect_4,baseline,a5,categorical,5.0
connect_4,baseline,a6,categorical,5.0
connect_4,baseline,b1,categorical,5.0
connect_4,baseline,b2,categorical,5.0
connect_4,baseline,b3,categorical,5.0
connect_4,baseline,b4,categorical,5.0
connect_4,baseline,b5,categorical,5.0
connect_4,baseline,b6,categorical,5.0
connect_4,baseline,c1,categorical,5.0
connect_4,baseline,c2,categorical,5.0
connect_4,baseline,c3,categorical,5.0
connect_4,baseline,c4,categorical,5.0
connect_4,baseline,c5,categorical,5.0
connect_4,baseline,c6,categorical,5.0
connect_4,baseline,d1,categorical,5.0
connect_4,baseline,d2,categorical,5.0
connect_4,baseline,d3,categorical,5.0
connect_4,baseline,d4,categorical,5.0
connect_4,baseline,d5,categorical,5.0
connect_4,baseline,d6,categorical,5.0
connect_4,baseline,e1,categorical,5.0
connect_4,baseline,e2,categorical,5.0
connect_4,baseline,e3,categorical,5.0
connect_4,baseline,e4,categorical,5.0
connect_4,baseline,e5,categorical,5.0
connect_4,baseline,e6,categorical,5.0
connect_4,baseline,f1,categorical,5.0
connect_4,baseline,f2,categorical,5.0
connect_4,baseline,f3,categorical,5.0
connect_4,baseline,f4,categorical,5.0
connect_4,baseline,f5,categorical,5.0
connect_4,baseline,f6,categorical,5.0
connect_4,baseline,g1,categorical,5.0
connect_4,baseline,g2,categorical,5.0
connect_4,baseline,g3,categorical,5.0
connect_4,baseline,g4,categorical,5.0
connect_4,baseline,g5,categorical,5.0
connect_4,baseline,g6,categorical,5.0
coronary,tensor,Smoking,categorical,4.0
coronary,tensor,M._Work,categorical,4.0
coronary,tensor,P._Work,categorical,4.0
coronary,tensor,Pressure,categorical,4.0
coronary,tensor,Proteins,categorical,4.0
coronary,baseline,Smoking,categorical,4.0
coronary,baseline,M._Work,categorical,4.0
coronary,baseline,P._Work,categorical,4.0
coronary,baseline,Pressure,categorical,4.0
coronary,baseline,Proteins,categorical,4.0
credit_approval,tensor,A1,categorical,4.0
credit_approval,tensor,A4,categorical,5.0
credit_approval,tensor,A5,categorical,5.0
credit_approval,tensor,A6,categorical,16.0
credit_approval,tensor,A7,categorical,11.0
credit_approval,tensor,A9,categorical,4.0
credit_approval,tensor,A10,categorical,4.0
credit_approval,tensor,A12,categorical,4.0
credit_approval,tensor,A13,categorical,5.0
credit_approval,tensor,A2,numerical,10.0
credit_approval,tensor,A3,numerical,10.0
credit_approval,tensor,A8,numerical,10.0
credit_approval,tensor,A11,numerical,5.0
credit_approval,tensor,A14,numerical,9.0
credit_approval,tensor,A15,numerical,6.0
credit_approval,baseline,A1,categorical,4.0
credit_approval,baseline,A4,categorical,5.0
credit_approval,baseline,A5,categorical,5.0
credit_approval,baseline,A6,categorical,16.0
credit_approval,baseline,A7,categorical,11.0
credit_approval,baseline,A9,categorical,4.0
credit_approval,baseline,A10,categorical,4.0
credit_approval,baseline,A12,categorical,4.0
credit_approval,baseline,A13,categorical,5.0
credit_approval,baseline,A2,numerical,
credit_approval,baseline,A3,numerical,
credit_approval,baseline,A8,numerical,
credit_approval,baseline,A11,numerical,
credit_approval,baseline,A14,numerical,
credit_approval,baseline,A15,numerical,
dmft,tensor,DMFT.Begin,categorical,11.0
dmft,tensor,DMFT.End,categorical,9.0
dmft,tensor,Gender,categorical,4.0
dmft,tensor,Ethnic,categorical,5.0
dmft,baseline,DMFT.Begin,categorical,11.0
dmft,baseline,DMFT.End,categorical,9.0
dmft,baseline,Gender,categorical,4.0
dmft,baseline,Ethnic,categorical,5.0
german_gss,tensor,Political_system,categorical,6.0
german_gss,tensor,Age,categorical,7.0
german_gss,tensor,Time_of_survey,categorical,4.0
german_gss,tensor,Schooling,categorical,7.0
german_gss,tensor,Region,categorical,4.0
german_gss,baseline,Political_system,categorical,6.0
german_gss,baseline,Age,categorical,7.0
german_gss,baseline,Time_of_survey,categorical,4.0
german_gss,baseline,Schooling,categorical,7.0
german_gss,baseline,Region,categorical,4.0
hayesroth,tensor,hobby,categorical,5.0
hayesroth,tensor,age,categorical,6.0
hayesroth,tensor,educational_level,categorical,6.0
hayesroth,tensor,marital_status,categorical,6.0
hayesroth,baseline,hobby,categorical,5.0
hayesroth,baseline,age,categorical,6.0
hayesroth,baseline,educational_level,categorical,6.0
hayesroth,baseline,marital_status,categorical,6.0
house_votes_84,tensor,handicapped_infants,categorical,4.0
house_votes_84,tensor,water_project_cost_sharing,categorical,4.0
house_votes_84,tensor,adoption_of_the_budget_resolution,categorical,4.0
house_votes_84,tensor,physician_fee_freeze,categorical,4.0
house_votes_84,tensor,el_salvador_aid,categorical,4.0
house_votes_84,tensor,religious_groups_in_schools,categorical,4.0
house_votes_84,tensor,anti_satellite_test_ban,categorical,4.0
house_votes_84,tensor,aid_to_nicaraguan_contras,categorical,4.0
house_votes_84,tensor,mx_missile,categorical,4.0
house_votes_84,tensor,immigration,categorical,4.0
house_votes_84,tensor,synfuels_corporation_cutback,categorical,4.0
house_votes_84,tensor,education_spending,categorical,4.0
house_votes_84,tensor,superfund_right_to_sue,categorical,4.0
house_votes_84,tensor,crime,categorical,4.0
house_votes_84,tensor,duty_free_exports,categorical,4.0
house_votes_84,tensor,export_administration_act_south_africa,categorical,4.0
house_votes_84,baseline,handicapped_infants,categorical,4.0
house_votes_84,baseline,water_project_cost_sharing,categorical,4.0
house_votes_84,baseline,adoption_of_the_budget_resolution,categorical,4.0
house_votes_84,baseline,physician_fee_freeze,categorical,4.0
house_votes_84,baseline,el_salvador_aid,categorical,4.0
house_votes_84,baseline,religious_groups_in_schools,categorical,4.0
house_votes_84,baseline,anti_satellite_test_ban,categorical,4.0
house_votes_84,baseline,aid_to_nicaraguan_contras,categorical,4.0
house_votes_84,baseline,mx_missile,categorical,4.0
house_votes_84,baseline,immigration,categorical,4.0
house_votes_84,baseline,synfuels_corporation_cutback,categorical,4.0
house_votes_84,baseline,education_spending,categorical,4.0
house_votes_84,baseline,superfund_right_to_sue,categorical,4.0
house_votes_84,baseline,crime,categorical,4.0
house_votes_84,baseline,duty_free_exports,categorical,4.0
house_votes_84,baseline,export_administration_act_south_africa,categorical,4.0
krkopt,tensor,white_king_file,categorical,6.0
krkopt,tensor,white_king_rank,categorical,6.0
krkopt,tensor,white_rook_file,categorical,10.0
krkopt,tensor,white_rook_rank,categorical,10.0
krkopt,tensor,black_king_file,categorical,10.0
krkopt,tensor,black_king_rank,categorical,10.0
krkopt,baseline,white_king_file,categorical,6.0
krkopt,baseline,white_king_rank,categorical,6.0
krkopt,baseline,white_rook_file,categorical,10.0
krkopt,baseline,white_rook_rank,categorical,10.0
krkopt,baseline,black_king_file,categorical,10.0
krkopt,baseline,black_king_rank,categorical,10.0
led7,tensor,attribute#1,categorical,4.0
led7,tensor,attribute#2,categorical,4.0
led7,tensor,attribute#3,categorical,4.0
led7,tensor,attribute#4,categorical,4.0
led7,tensor,attribute#5,categorical,4.0
led7,tensor,attribute#6,categorical,4.0
led7,tensor,attribute#7,categorical,4.0
led7,baseline,attribute#1,categorical,4.0
led7,baseline,attribute#2,categorical,4.0
led7,baseline,attribute#3,categorical,4.0
led7,baseline,attribute#4,categorical,4.0
led7,baseline,attribute#5,categorical,4.0
led7,baseline,attribute#6,categorical,4.0
led7,baseline,attribute#7,categorical,4.0
lenses,tensor,age,categorical,5.0
lenses,tensor,spectacle_prescription,categorical,4.0
lenses,tensor,astigmatic,categorical,4.0
lenses,tensor,tear_production_rate,categorical,4.0
lenses,baseline,age,categorical,5.0
lenses,baseline,spectacle_prescription,categorical,4.0
lenses,baseline,astigmatic,categorical,4.0
lenses,baseline,tear_production_rate,categorical,4.0
mofn,tensor,Bit_0,categorical,4.0
mofn,tensor,Bit_1,categorical,4.0
mofn,tensor,Bit_2,categorical,4.0
mofn,tensor,Bit_3,categorical,4.0
mofn,tensor,Bit_4,categorical,4.0
mofn,tensor,Bit_5,categorical,4.0
mofn,tensor,Bit_6,categorical,4.0
mofn,tensor,Bit_7,categorical,4.0
mofn,tensor,Bit_8,categorical,4.0
mofn,tensor,Bit_9,categorical,4.0
mofn,baseline,Bit_0,categorical,4.0
mofn,baseline,Bit_1,categorical,4.0
mofn,baseline,Bit_2,categorical,4.0
mofn,baseline,Bit_3,categorical,4.0
mofn,baseline,Bit_4,categorical,4.0
mofn,baseline,Bit_5,categorical,4.0
mofn,baseline,Bit_6,categorical,4.0
mofn,baseline,Bit_7,categorical,4.0
mofn,baseline,Bit_8,categorical,4.0
mofn,baseline,Bit_9,categorical,4.0
monk_1,tensor,a1,categorical,5.0
monk_1,tensor,a2,categorical,5.0
monk_1,tensor,a3,categorical,4.0
monk_1,tensor,a4,categorical,5.0
monk_1,tensor,a5,categorical,6.0
monk_1,tensor,a6,categorical,4.0
monk_1,baseline,a1,categorical,5.0
monk_1,baseline,a2,categorical,5.0
monk_1,baseline,a3,categorical,4.0
monk_1,baseline,a4,categorical,5.0
monk_1,baseline,a5,categorical,6.0
monk_1,baseline,a6,categorical,4.0
monk_2,tensor,a1,categorical,5.0
monk_2,tensor,a2,categorical,5.0
monk_2,tensor,a3,categorical,4.0
monk_2,tensor,a4,categorical,5.0
monk_2,tensor,a5,categorical,6.0
monk_2,tensor,a6,categorical,4.0
monk_2,baseline,a1,categorical,5.0
monk_2,baseline,a2,categorical,5.0
monk_2,baseline,a3,categorical,4.0
monk_2,baseline,a4,categorical,5.0
monk_2,baseline,a5,categorical,6.0
monk_2,baseline,a6,categorical,4.0
monk_3,tensor,a1,categorical,5.0
monk_3,tensor,a2,categorical,5.0
monk_3,tensor,a3,categorical,4.0
monk_3,tensor,a4,categorical,5.0
monk_3,tensor,a5,categorical,6.0
monk_3,tensor,a6,categorical,4.0
monk_3,baseline,a1,categorical,5.0
monk_3,baseline,a2,categorical,5.0
monk_3,baseline,a3,categorical,4.0
monk_3,baseline,a4,categorical,5.0
monk_3,baseline,a5,categorical,6.0
monk_3,baseline,a6,categorical,4.0
nursery,tensor,parents,categorical,5.0
nursery,tensor,has_nurs,categorical,7.0
nursery,tensor,form,categorical,6.0
nursery,tensor,children,categorical,6.0
nursery,tensor,housing,categorical,5.0
nursery,tensor,finance,categorical,4.0
nursery,tensor,social,categorical,5.0
nursery,tensor,health,categorical,5.0
nursery,baseline,parents,categorical,5.0
nursery,baseline,has_nurs,categorical,7.0
nursery,baseline,form,categorical,6.0
nursery,baseline,children,categorical,6.0
nursery,baseline,housing,categorical,5.0
nursery,baseline,finance,categorical,4.0
nursery,baseline,social,categorical,5.0
nursery,baseline,health,categorical,5.0
parity5p5,tensor,Bit_1,categorical,4.0
parity5p5,tensor,Bit_2,categorical,4.0
parity5p5,tensor,Bit_3,categorical,4.0
parity5p5,tensor,Bit_4,categorical,4.0
parity5p5,tensor,Bit_5,categorical,4.0
parity5p5,tensor,Bit_6,categorical,4.0
parity5p5,tensor,Bit_7,categorical,4.0
parity5p5,tensor,Bit_8,categorical,4.0
parity5p5,tensor,Bit_9,categorical,4.0
parity5p5,tensor,Bit_10,categorical,4.0
parity5p5,baseline,Bit_1,categorical,4.0
parity5p5,baseline,Bit_2,categorical,4.0
parity5p5,baseline,Bit_3,categorical,4.0
parity5p5,baseline,Bit_4,categorical,4.0
parity5p5,baseline,Bit_5,categorical,4.0
parity5p5,baseline,Bit_6,categorical,4.0
parity5p5,baseline,Bit_7,categorical,4.0
parity5p5,baseline,Bit_8,categorical,4.0
parity5p5,baseline,Bit_9,categorical,4.0
parity5p5,baseline,Bit_10,categorical,4.0
phiusiil_phishing,tensor,TLD,categorical,646.0
phiusiil_phishing,tensor,IsDomainIP,categorical,4.0
phiusiil_phishing,tensor,HasObfuscation,categorical,4.0
phiusiil_phishing,tensor,IsHTTPS,categorical,4.0
phiusiil_phishing,tensor,HasTitle,categorical,4.0
phiusiil_phishing,tensor,HasFavicon,categorical,4.0
phiusiil_phishing,tensor,Robots,categorical,4.0
phiusiil_phishing,tensor,IsResponsive,categorical,4.0
phiusiil_phishing,tensor,HasDescription,categorical,4.0
phiusiil_phishing,tensor,HasExternalFormSubmit,categorical,4.0
phiusiil_phishing,tensor,HasSocialNet,categorical,4.0
phiusiil_phishing,tensor,HasSubmitButton,categorical,4.0
phiusiil_phishing,tensor,HasHiddenFields,categorical,4.0
phiusiil_phishing,tensor,HasPasswordField,categorical,4.0
phiusiil_phishing,tensor,Bank,categorical,4.0
phiusiil_phishing,tensor,Pay,categorical,4.0
phiusiil_phishing,tensor,Crypto,categorical,4.0
phiusiil_phishing,tensor,HasCopyrightInfo,categorical,4.0
phiusiil_phishing,tensor,URLLength,numerical,10.0
phiusiil_phishing,tensor,DomainLength,numerical,10.0
phiusiil_phishing,tensor,URLSimilarityIndex,numerical,5.0
phiusiil_phishing,tensor,CharContinuationRate,numerical,5.0
phiusiil_phishing,tensor,TLDLegitimateProb,numerical,6.0
phiusiil_phishing,tensor,URLCharProb,numerical,10.0
phiusiil_phishing,tensor,TLDLength,numerical,2.0
phiusiil_phishing,tensor,NoOfSubDomain,numerical,3.0
phiusiil_phishing,tensor,NoOfObfuscatedChar,numerical,1.0
phiusiil_phishing,tensor,ObfuscationRatio,numerical,1.0
phiusiil_phishing,tensor,NoOfLettersInURL,numerical,10.0
phiusiil_phishing,tensor,LetterRatioInURL,numerical,10.0
phiusiil_phishing,tensor,NoOfDegitsInURL,numerical,3.0
phiusiil_phishing,tensor,DegitRatioInURL,numerical,3.0
phiusiil_phishing,tensor,NoOfEqualsInURL,numerical,1.0
phiusiil_phishing,tensor,NoOfQMarkInURL,numerical,1.0
phiusiil_phishing,tensor,NoOfAmpersandInURL,numerical,1.0
phiusiil_phishing,tensor,NoOfOtherSpecialCharsInURL,numerical,5.0
phiusiil_phishing,tensor,SpacialCharRatioInURL,numerical,10.0
phiusiil_phishing,tensor,LineOfCode,numerical,9.0
phiusiil_phishing,tensor,LargestLineLength,numerical,10.0
phiusiil_phishing,tensor,DomainTitleMatchScore,numerical,2.0
phiusiil_phishing,tensor,URLTitleMatchScore,numerical,1.0
phiusiil_phishing,tensor,NoOfURLRedirect,numerical,1.0
phiusiil_phishing,tensor,NoOfSelfRedirect,numerical,1.0
phiusiil_phishing,tensor,NoOfPopup,numerical,1.0
phiusiil_phishing,tensor,NoOfiFrame,numerical,4.0
phiusiil_phishing,tensor,NoOfImage,numerical,7.0
phiusiil_phishing,tensor,NoOfCSS,numerical,7.0
phiusiil_phishing,tensor,NoOfJS,numerical,7.0
phiusiil_phishing,tensor,NoOfSelfRef,numerical,7.0
phiusiil_phishing,tensor,NoOfEmptyRef,numerical,4.0
phiusiil_phishing,tensor,NoOfExternalRef,numerical,8.0
phiusiil_phishing,baseline,TLD,categorical,646.0
phiusiil_phishing,baseline,IsDomainIP,categorical,4.0
phiusiil_phishing,baseline,HasObfuscation,categorical,4.0
phiusiil_phishing,baseline,IsHTTPS,categorical,4.0
phiusiil_phishing,baseline,HasTitle,categorical,4.0
phiusiil_phishing,baseline,HasFavicon,categorical,4.0
phiusiil_phishing,baseline,Robots,categorical,4.0
phiusiil_phishing,baseline,IsResponsive,categorical,4.0
phiusiil_phishing,baseline,HasDescription,categorical,4.0
phiusiil_phishing,baseline,HasExternalFormSubmit,categorical,4.0
phiusiil_phishing,baseline,HasSocialNet,categorical,4.0
phiusiil_phishing,baseline,HasSubmitButton,categorical,4.0
phiusiil_phishing,baseline,HasHiddenFields,categorical,4.0
phiusiil_phishing,baseline,HasPasswordField,categorical,4.0
phiusiil_phishing,baseline,Bank,categorical,4.0
phiusiil_phishing,baseline,Pay,categorical,4.0
phiusiil_phishing,baseline,Crypto,categorical,4.0
phiusiil_phishing,baseline,HasCopyrightInfo,categorical,4.0
phiusiil_phishing,baseline,URLLength,numerical,
phiusiil_phishing,baseline,DomainLength,numerical,
phiusiil_phishing,baseline,URLSimilarityIndex,numerical,
phiusiil_phishing,baseline,CharContinuationRate,numerical,
phiusiil_phishing,baseline,TLDLegitimateProb,numerical,
phiusiil_phishing,baseline,URLCharProb,numerical,
phiusiil_phishing,baseline,TLDLength,numerical,
phiusiil_phishing,baseline,NoOfSubDomain,numerical,
phiusiil_phishing,baseline,NoOfObfuscatedChar,numerical,
phiusiil_phishing,baseline,ObfuscationRatio,numerical,
phiusiil_phishing,baseline,NoOfLettersInURL,numerical,
phiusiil_phishing,baseline,LetterRatioInURL,numerical,
phiusiil_phishing,baseline,NoOfDegitsInURL,numerical,
phiusiil_phishing,baseline,DegitRatioInURL,numerical,
phiusiil_phishing,baseline,NoOfEqualsInURL,numerical,
phiusiil_phishing,baseline,NoOfQMarkInURL,numerical,
phiusiil_phishing,baseline,NoOfAmpersandInURL,numerical,
phiusiil_phishing,baseline,NoOfOtherSpecialCharsInURL,numerical,
phiusiil_phishing,baseline,SpacialCharRatioInURL,numerical,
phiusiil_phishing,baseline,LineOfCode,numerical,
phiusiil_phishing,baseline,LargestLineLength,numerical,
phiusiil_phishing,baseline,DomainTitleMatchScore,numerical,
phiusiil_phishing,baseline,URLTitleMatchScore,numerical,
phiusiil_phishing,baseline,NoOfURLRedirect,numerical,
phiusiil_phishing,baseline,NoOfSelfRedirect,numerical,
phiusiil_phishing,baseline,NoOfPopup,numerical,
phiusiil_phishing,baseline,NoOfiFrame,numerical,
phiusiil_phishing,baseline,NoOfImage,numerical,
phiusiil_phishing,baseline,NoOfCSS,numerical,
phiusiil_phishing,baseline,NoOfJS,numerical,
phiusiil_phishing,baseline,NoOfSelfRef,numerical,
phiusiil_phishing,baseline,NoOfEmptyRef,numerical,
phiusiil_phishing,baseline,NoOfExternalRef,numerical,
ppd,tensor,L_CORE,categorical,5.0
ppd,tensor,L_SURF,categorical,5.0
ppd,tensor,L_O2,categorical,4.0
ppd,tensor,L_BP,categorical,5.0
ppd,tensor,SURF_STBL,categorical,4.0
ppd,tensor,CORE_STBL,categorical,5.0
ppd,tensor,BP_STBL,categorical,5.0
ppd,tensor,COMFORT,categorical,7.0
ppd,baseline,L_CORE,categorical,5.0
ppd,baseline,L_SURF,categorical,5.0
ppd,baseline,L_O2,categorical,4.0
ppd,baseline,L_BP,categorical,5.0
ppd,baseline,SURF_STBL,categorical,4.0
ppd,baseline,CORE_STBL,categorical,5.0
ppd,baseline,BP_STBL,categorical,5.0
ppd,baseline,COMFORT,categorical,7.0
primary_tumor,tensor,age,categorical,5.0
primary_tumor,tensor,sex,categorical,4.0
primary_tumor,tensor,histologic_type,categorical,5.0
primary_tumor,tensor,degree_of_diffe,categorical,5.0
primary_tumor,tensor,bone,categorical,4.0
primary_tumor,tensor,bone_marrow,categorical,4.0
primary_tumor,tensor,lung,categorical,4.0
primary_tumor,tensor,pleura,categorical,4.0
primary_tumor,tensor,peritoneum,categorical,4.0
primary_tumor,tensor,liver,categorical,4.0
primary_tumor,tensor,brain,categorical,4.0
primary_tumor,tensor,skin,categorical,4.0
primary_tumor,tensor,neck,categorical,4.0
primary_tumor,tensor,supraclavicular,categorical,4.0
primary_tumor,tensor,axillar,categorical,4.0
primary_tumor,tensor,mediastinum,categorical,4.0
primary_tumor,tensor,abdominal,categorical,4.0
primary_tumor,baseline,age,categorical,5.0
primary_tumor,baseline,sex,categorical,4.0
primary_tumor,baseline,histologic_type,categorical,5.0
primary_tumor,baseline,degree_of_diffe,categorical,5.0
primary_tumor,baseline,bone,categorical,4.0
primary_tumor,baseline,bone_marrow,categorical,4.0
primary_tumor,baseline,lung,categorical,4.0
primary_tumor,baseline,pleura,categorical,4.0
primary_tumor,baseline,peritoneum,categorical,4.0
primary_tumor,baseline,liver,categorical,4.0
primary_tumor,baseline,brain,categorical,4.0
primary_tumor,baseline,skin,categorical,4.0
primary_tumor,baseline,neck,categorical,4.0
primary_tumor,baseline,supraclavicular,categorical,4.0
primary_tumor,baseline,axillar,categorical,4.0
primary_tumor,baseline,mediastinum,categorical,4.0
primary_tumor,baseline,abdominal,categorical,4.0
ptumor,tensor,age,categorical,5.0
ptumor,tensor,sex,categorical,4.0
ptumor,tensor,histologic_type,categorical,5.0
ptumor,tensor,degree_of_diffe,categorical,5.0
ptumor,tensor,bone,categorical,4.0
ptumor,tensor,bone_marrow,categorical,4.0
ptumor,tensor,lung,categorical,4.0
ptumor,tensor,pleura,categorical,4.0
ptumor,tensor,peritoneum,categorical,4.0
ptumor,tensor,liver,categorical,4.0
ptumor,tensor,brain,categorical,4.0
ptumor,tensor,skin,categorical,4.0
ptumor,tensor,neck,categorical,4.0
ptumor,tensor,supraclavicular,categorical,4.0
ptumor,tensor,axillar,categorical,4.0
ptumor,tensor,mediastinum,categorical,4.0
ptumor,tensor,abdominal,categorical,4.0
ptumor,baseline,age,categorical,5.0
ptumor,baseline,sex,categorical,4.0
ptumor,baseline,histologic_type,categorical,5.0
ptumor,baseline,degree_of_diffe,categorical,5.0
ptumor,baseline,bone,categorical,4.0
ptumor,baseline,bone_marrow,categorical,4.0
ptumor,baseline,lung,categorical,4.0
ptumor,baseline,pleura,categorical,4.0
ptumor,baseline,peritoneum,categorical,4.0
ptumor,baseline,liver,categorical,4.0
ptumor,baseline,brain,categorical,4.0
ptumor,baseline,skin,categorical,4.0
ptumor,baseline,neck,categorical,4.0
ptumor,baseline,supraclavicular,categorical,4.0
ptumor,baseline,axillar,categorical,4.0
ptumor,baseline,mediastinum,categorical,4.0
ptumor,baseline,abdominal,categorical,4.0
rt_iot2022,tensor,proto,categorical,5.0
rt_iot2022,tensor,service,categorical,11.0
rt_iot2022,tensor,id.orig_p,numerical,10.0
rt_iot2022,tensor,id.resp_p,numerical,4.0
rt_iot2022,tensor,flow_duration,numerical,6.0
rt_iot2022,tensor,fwd_pkts_tot,numerical,3.0
rt_iot2022,tensor,bwd_pkts_tot,numerical,3.0
rt_iot2022,tensor,fwd_data_pkts_tot,numerical,3.0
rt_iot2022,tensor,bwd_data_pkts_tot,numerical,2.0
rt_iot2022,tensor,fwd_pkts_per_sec,numerical,7.0
rt_iot2022,tensor,bwd_pkts_per_sec,numerical,7.0
rt_iot2022,tensor,flow_pkts_per_sec,numerical,7.0
rt_iot2022,tensor,down_up_ratio,numerical,3.0
rt_iot2022,tensor,fwd_header_size_tot,numerical,2.0
rt_iot2022,tensor,fwd_header_size_min,numerical,2.0
rt_iot2022,tensor,fwd_header_size_max,numerical,2.0
rt_iot2022,tensor,bwd_header_size_tot,numerical,2.0
rt_iot2022,tensor,bwd_header_size_min,numerical,3.0
rt_iot2022,tensor,bwd_header_size_max,numerical,2.0
rt_iot2022,tensor,flow_FIN_flag_count,numerical,1.0
rt_iot2022,tensor,flow_SYN_flag_count,numerical,2.0
rt_iot2022,tensor,flow_RST_flag_count,numerical,2.0
rt_iot2022,tensor,fwd_PSH_flag_count,numerical,2.0
rt_iot2022,tensor,bwd_PSH_flag_count,numerical,1.0
rt_iot2022,tensor,flow_ACK_flag_count,numerical,2.0
rt_iot2022,tensor,fwd_URG_flag_count,numerical,1.0
rt_iot2022,tensor,bwd_URG_flag_count,numerical,1.0
rt_iot2022,tensor,flow_CWR_flag_count,numerical,1.0
rt_iot2022,tensor,flow_ECE_flag_count,numerical,1.0
rt_iot2022,tensor,fwd_pkts_payload.min,numerical,3.0
rt_iot2022,tensor,fwd_pkts_payload.max,numerical,3.0
rt_iot2022,tensor,fwd_pkts_payload.tot,numerical,3.0
rt_iot2022,tensor,fwd_pkts_payload.avg,numerical,4.0
rt_iot2022,tensor,fwd_pkts_payload.std,numerical,1.0
rt_iot2022,tensor,bwd_pkts_payload.min,numerical,1.0
rt_iot2022,tensor,bwd_pkts_payload.max,numerical,2.0
rt_iot2022,tensor,bwd_pkts_payload.tot,numerical,2.0
rt_iot2022,tensor,bwd_pkts_payload.avg,numerical,2.0
rt_iot2022,tensor,bwd_pkts_payload.std,numerical,2.0
rt_iot2022,tensor,flow_pkts_payload.min,numerical,2.0
rt_iot2022,tensor,flow_pkts_payload.max,numerical,3.0
rt_iot2022,tensor,flow_pkts_payload.tot,numerical,4.0
rt_iot2022,tensor,flow_pkts_payload.avg,numerical,4.0
rt_iot2022,tensor,flow_pkts_payload.std,numerical,3.0
rt_iot2022,tensor,fwd_iat.min,numerical,2.0
rt_iot2022,tensor,fwd_iat.max,numerical,2.0
rt_iot2022,tensor,fwd_iat.tot,numerical,2.0
rt_iot2022,tensor,fwd_iat.avg,numerical,2.0
rt_iot2022,tensor,fwd_iat.std,numerical,1.0
rt_iot2022,tensor,bwd_iat.min,numerical,2.0
rt_iot2022,tensor,bwd_iat.max,numerical,2.0
rt_iot2022,tensor,bwd_iat.tot,numerical,2.0
rt_iot2022,tensor,bwd_iat.avg,numerical,2.0
rt_iot2022,tensor,bwd_iat.std,numerical,1.0
rt_iot2022,tensor,flow_iat.min,numerical,7.0
rt_iot2022,tensor,flow_iat.max,numerical,6.0
rt_iot2022,tensor,flow_iat.tot,numerical,6.0
rt_iot2022,tensor,flow_iat.avg,numerical,6.0
rt_iot2022,tensor,flow_iat.std,numerical,2.0
rt_iot2022,tensor,payload_bytes_per_second,numerical,7.0
rt_iot2022,tensor,fwd_subflow_pkts,numerical,3.0
rt_iot2022,tensor,bwd_subflow_pkts,numerical,3.0
rt_iot2022,tensor,fwd_subflow_bytes,numerical,3.0
rt_iot2022,tensor,bwd_subflow_bytes,numerical,2.0
rt_iot2022,tensor,fwd_bulk_bytes,numerical,1.0
rt_iot2022,tensor,bwd_bulk_bytes,numerical,1.0
rt_iot2022,tensor,fwd_bulk_packets,numerical,1.0
rt_iot2022,tensor,bwd_bulk_packets,numerical,1.0
rt_iot2022,tensor,fwd_bulk_rate,numerical,1.0
rt_iot2022,tensor,bwd_bulk_rate,numerical,1.0
rt_iot2022,tensor,active.min,numerical,6.0
rt_iot2022,tensor,active.max,numerical,6.0
rt_iot2022,tensor,active.tot,numerical,6.0
rt_iot2022,tensor,active.avg,numerical,6.0
rt_iot2022,tensor,active.std,numerical,1.0
rt_iot2022,tensor,idle.min,numerical,1.0
rt_iot2022,tensor,idle.max,numerical,1.0
rt_iot2022,tensor,idle.tot,numerical,1.0
rt_iot2022,tensor,idle.avg,numerical,1.0
rt_iot2022,tensor,idle.std,numerical,1.0
rt_iot2022,tensor,fwd_init_window_size,numerical,3.0
rt_iot2022,tensor,bwd_init_window_size,numerical,1.0
rt_iot2022,tensor,fwd_last_window_size,numerical,3.0
rt_iot2022,baseline,proto,categorical,5.0
rt_iot2022,baseline,service,categorical,11.0
rt_iot2022,baseline,id.orig_p,numerical,
rt_iot2022,baseline,id.resp_p,numerical,
rt_iot2022,baseline,flow_duration,numerical,
rt_iot2022,baseline,fwd_pkts_tot,numerical,
rt_iot2022,baseline,bwd_pkts_tot,numerical,
rt_iot2022,baseline,fwd_data_pkts_tot,numerical,
rt_iot2022,baseline,bwd_data_pkts_tot,numerical,
rt_iot2022,baseline,fwd_pkts_per_sec,numerical,
rt_iot2022,baseline,bwd_pkts_per_sec,numerical,
rt_iot2022,baseline,flow_pkts_per_sec,numerical,
rt_iot2022,baseline,down_up_ratio,numerical,
rt_iot2022,baseline,fwd_header_size_tot,numerical,
rt_iot2022,baseline,fwd_header_size_min,numerical,
rt_iot2022,baseline,fwd_header_size_max,numerical,
rt_iot2022,baseline,bwd_header_size_tot,numerical,
rt_iot2022,baseline,bwd_header_size_min,numerical,
rt_iot2022,baseline,bwd_header_size_max,numerical,
rt_iot2022,baseline,flow_FIN_flag_count,numerical,
rt_iot2022,baseline,flow_SYN_flag_count,numerical,
rt_iot2022,baseline,flow_RST_flag_count,numerical,
rt_iot2022,baseline,fwd_PSH_flag_count,numerical,
rt_iot2022,baseline,bwd_PSH_flag_count,numerical,
rt_iot2022,baseline,flow_ACK_flag_count,numerical,
rt_iot2022,baseline,fwd_URG_flag_count,numerical,
rt_iot2022,baseline,bwd_URG_flag_count,numerical,
rt_iot2022,baseline,flow_CWR_flag_count,numerical,
rt_iot2022,baseline,flow_ECE_flag_count,numerical,
rt_iot2022,baseline,fwd_pkts_payload.min,numerical,
rt_iot2022,baseline,fwd_pkts_payload.max,numerical,
rt_iot2022,baseline,fwd_pkts_payload.tot,numerical,
rt_iot2022,baseline,fwd_pkts_payload.avg,numerical,
rt_iot2022,baseline,fwd_pkts_payload.std,numerical,
rt_iot2022,baseline,bwd_pkts_payload.min,numerical,
rt_iot2022,baseline,bwd_pkts_payload.max,numerical,
rt_iot2022,baseline,bwd_pkts_payload.tot,numerical,
rt_iot2022,baseline,bwd_pkts_payload.avg,numerical,
rt_iot2022,baseline,bwd_pkts_payload.std,numerical,
rt_iot2022,baseline,flow_pkts_payload.min,numerical,
rt_iot2022,baseline,flow_pkts_payload.max,numerical,
rt_iot2022,baseline,flow_pkts_payload.tot,numerical,
rt_iot2022,baseline,flow_pkts_payload.avg,numerical,
rt_iot2022,baseline,flow_pkts_payload.std,numerical,
rt_iot2022,baseline,fwd_iat.min,numerical,
rt_iot2022,baseline,fwd_iat.max,numerical,
rt_iot2022,baseline,fwd_iat.tot,numerical,
rt_iot2022,baseline,fwd_iat.avg,numerical,
rt_iot2022,baseline,fwd_iat.std,numerical,
rt_iot2022,baseline,bwd_iat.min,numerical,
rt_iot2022,baseline,bwd_iat.max,numerical,
rt_iot2022,baseline,bwd_iat.tot,numerical,
rt_iot2022,baseline,bwd_iat.avg,numerical,
rt_iot2022,baseline,bwd_iat.std,numerical,
rt_iot2022,baseline,flow_iat.min,numerical,
rt_iot2022,baseline,flow_iat.max,numerical,
rt_iot2022,baseline,flow_iat.tot,numerical,
rt_iot2022,baseline,flow_iat.avg,numerical,
rt_iot2022,baseline,flow_iat.std,numerical,
rt_iot2022,baseline,payload_bytes_per_second,numerical,
rt_iot2022,baseline,fwd_subflow_pkts,numerical,
rt_iot2022,baseline,bwd_subflow_pkts,numerical,
rt_iot2022,baseline,fwd_subflow_bytes,numerical,
rt_iot2022,baseline,bwd_subflow_bytes,numerical,
rt_iot2022,baseline,fwd_bulk_bytes,numerical,
rt_iot2022,baseline,bwd_bulk_bytes,numerical,
rt_iot2022,baseline,fwd_bulk_packets,numerical,
rt_iot2022,baseline,bwd_bulk_packets,numerical,
rt_iot2022,baseline,fwd_bulk_rate,numerical,
rt_iot2022,baseline,bwd_bulk_rate,numerical,
rt_iot2022,baseline,active.min,numerical,
rt_iot2022,baseline,active.max,numerical,
rt_iot2022,baseline,active.tot,numerical,
rt_iot2022,baseline,active.avg,numerical,
rt_iot2022,baseline,active.std,numerical,
rt_iot2022,baseline,idle.min,numerical,
rt_iot2022,baseline,idle.max,numerical,
rt_iot2022,baseline,idle.tot,numerical,
rt_iot2022,baseline,idle.avg,numerical,
rt_iot2022,baseline,idle.std,numerical,
rt_iot2022,baseline,fwd_init_window_size,numerical,
rt_iot2022,baseline,bwd_init_window_size,numerical,
rt_iot2022,baseline,fwd_last_window_size,numerical,
secondary_mushroom,tensor,cap-shape,categorical,9.0
secondary_mushroom,tensor,cap-surface,categorical,13.0
secondary_mushroom,tensor,cap-color,categorical,14.0
secondary_mushroom,tensor,does-bruise-or-bleed,categorical,4.0
secondary_mushroom,tensor,gill-attachment,categorical,9.0
secondary_mushroom,tensor,gill-spacing,categorical,5.0
secondary_mushroom,tensor,gill-color,categorical,14.0
secondary_mushroom,tensor,stem-root,categorical,7.0
secondary_mushroom,tensor,stem-surface,categorical,10.0
secondary_mushroom,tensor,stem-color,categorical,15.0
secondary_mushroom,tensor,veil-type,categorical,3.0
secondary_mushroom,tensor,veil-color,categorical,8.0
secondary_mushroom,tensor,has-ring,categorical,4.0
secondary_mushroom,tensor,ring-type,categorical,10.0
secondary_mushroom,tensor,spore-print-color,categorical,9.0
secondary_mushroom,tensor,habitat,categorical,10.0
secondary_mushroom,tensor,season,categorical,6.0
secondary_mushroom,tensor,cap-diameter,numerical,10.0
secondary_mushroom,tensor,stem-height,numerical,10.0
secondary_mushroom,tensor,stem-width,numerical,10.0
secondary_mushroom,baseline,cap-shape,categorical,9.0
secondary_mushroom,baseline,cap-surface,categorical,13.0
secondary_mushroom,baseline,cap-color,categorical,14.0
secondary_mushroom,baseline,does-bruise-or-bleed,categorical,4.0
secondary_mushroom,baseline,gill-attachment,categorical,9.0
secondary_mushroom,baseline,gill-spacing,categorical,5.0
secondary_mushroom,baseline,gill-color,categorical,14.0
secondary_mushroom,baseline,stem-root,categorical,7.0
secondary_mushroom,baseline,stem-surface,categorical,10.0
secondary_mushroom,baseline,stem-color,categorical,15.0
secondary_mushroom,baseline,veil-type,categorical,3.0
secondary_mushroom,baseline,veil-color,categorical,8.0
secondary_mushroom,baseline,has-ring,categorical,4.0
secondary_mushroom,baseline,ring-type,categorical,10.0
secondary_mushroom,baseline,spore-print-color,categorical,9.0
secondary_mushroom,baseline,habitat,categorical,10.0
secondary_mushroom,baseline,season,categorical,6.0
secondary_mushroom,baseline,cap-diameter,numerical,
secondary_mushroom,baseline,stem-height,numerical,
secondary_mushroom,baseline,stem-width,numerical,
sensorless_drive,tensor,feature_1,numerical,10.0
sensorless_drive,tensor,feature_2,numerical,10.0
sensorless_drive,tensor,feature_3,numerical,10.0
sensorless_drive,tensor,feature_4,numerical,10.0
sensorless_drive,tensor,feature_5,numerical,10.0
sensorless_drive,tensor,feature_6,numerical,10.0
sensorless_drive,tensor,feature_7,numerical,10.0
sensorless_drive,tensor,feature_8,numerical,10.0
sensorless_drive,tensor,feature_9,numerical,10.0
sensorless_drive,tensor,feature_10,numerical,10.0
sensorless_drive,tensor,feature_11,numerical,10.0
sensorless_drive,tensor,feature_12,numerical,10.0
sensorless_drive,tensor,feature_13,numerical,10.0
sensorless_drive,tensor,feature_14,numerical,10.0
sensorless_drive,tensor,feature_15,numerical,10.0
sensorless_drive,tensor,feature_16,numerical,10.0
sensorless_drive,tensor,feature_17,numerical,10.0
sensorless_drive,tensor,feature_18,numerical,10.0
sensorless_drive,tensor,feature_19,numerical,10.0
sensorless_drive,tensor,feature_20,numerical,10.0
sensorless_drive,tensor,feature_21,numerical,10.0
sensorless_drive,tensor,feature_22,numerical,10.0
sensorless_drive,tensor,feature_23,numerical,10.0
sensorless_drive,tensor,feature_24,numerical,10.0
sensorless_drive,tensor,feature_25,numerical,10.0
sensorless_drive,tensor,feature_26,numerical,10.0
sensorless_drive,tensor,feature_27,numerical,10.0
sensorless_drive,tensor,feature_28,numerical,10.0
sensorless_drive,tensor,feature_29,numerical,10.0
sensorless_drive,tensor,feature_30,numerical,10.0
sensorless_drive,tensor,feature_31,numerical,10.0
sensorless_drive,tensor,feature_32,numerical,10.0
sensorless_drive,tensor,feature_33,numerical,10.0
sensorless_drive,tensor,feature_34,numerical,10.0
sensorless_drive,tensor,feature_35,numerical,10.0
sensorless_drive,tensor,feature_36,numerical,10.0
sensorless_drive,tensor,feature_37,numerical,10.0
sensorless_drive,tensor,feature_38,numerical,10.0
sensorless_drive,tensor,feature_39,numerical,10.0
sensorless_drive,tensor,feature_40,numerical,10.0
sensorless_drive,tensor,feature_41,numerical,10.0
sensorless_drive,tensor,feature_42,numerical,10.0
sensorless_drive,tensor,feature_43,numerical,10.0
sensorless_drive,tensor,feature_44,numerical,10.0
sensorless_drive,tensor,feature_45,numerical,10.0
sensorless_drive,tensor,feature_46,numerical,10.0
sensorless_drive,tensor,feature_47,numerical,10.0
sensorless_drive,tensor,feature_48,numerical,10.0
sensorless_drive,baseline,feature_1,numerical,
sensorless_drive,baseline,feature_2,numerical,
sensorless_drive,baseline,feature_3,numerical,
sensorless_drive,baseline,feature_4,numerical,
sensorless_drive,baseline,feature_5,numerical,
sensorless_drive,baseline,feature_6,numerical,
sensorless_drive,baseline,feature_7,numerical,
sensorless_drive,baseline,feature_8,numerical,
sensorless_drive,baseline,feature_9,numerical,
sensorless_drive,baseline,feature_10,numerical,
sensorless_drive,baseline,feature_11,numerical,
sensorless_drive,baseline,feature_12,numerical,
sensorless_drive,baseline,feature_13,numerical,
sensorless_drive,baseline,feature_14,numerical,
sensorless_drive,baseline,feature_15,numerical,
sensorless_drive,baseline,feature_16,numerical,
sensorless_drive,baseline,feature_17,numerical,
sensorless_drive,baseline,feature_18,numerical,
sensorless_drive,baseline,feature_19,numerical,
sensorless_drive,baseline,feature_20,numerical,
sensorless_drive,baseline,feature_21,numerical,
sensorless_drive,baseline,feature_22,numerical,
sensorless_drive,baseline,feature_23,numerical,
sensorless_drive,baseline,feature_24,numerical,
sensorless_drive,baseline,feature_25,numerical,
sensorless_drive,baseline,feature_26,numerical,
sensorless_drive,baseline,feature_27,numerical,
sensorless_drive,baseline,feature_28,numerical,
sensorless_drive,baseline,feature_29,numerical,
sensorless_drive,baseline,feature_30,numerical,
sensorless_drive,baseline,feature_31,numerical,
sensorless_drive,baseline,feature_32,numerical,
sensorless_drive,baseline,feature_33,numerical,
sensorless_drive,baseline,feature_34,numerical,
sensorless_drive,baseline,feature_35,numerical,
sensorless_drive,baseline,feature_36,numerical,
sensorless_drive,baseline,feature_37,numerical,
sensorless_drive,baseline,feature_38,numerical,
sensorless_drive,baseline,feature_39,numerical,
sensorless_drive,baseline,feature_40,numerical,
sensorless_drive,baseline,feature_41,numerical,
sensorless_drive,baseline,feature_42,numerical,
sensorless_drive,baseline,feature_43,numerical,
sensorless_drive,baseline,feature_44,numerical,
sensorless_drive,baseline,feature_45,numerical,
sensorless_drive,baseline,feature_46,numerical,
sensorless_drive,baseline,feature_47,numerical,
sensorless_drive,baseline,feature_48,numerical,
sensory,tensor,Occasion,categorical,4.0
sensory,tensor,Judges,categorical,8.0
sensory,tensor,Interval,categorical,5.0
sensory,tensor,Sittings,categorical,6.0
sensory,tensor,Position,categorical,6.0
sensory,tensor,Squares,categorical,4.0
sensory,tensor,Rows,categorical,5.0
sensory,tensor,Columns,categorical,6.0
sensory,tensor,Halfplot,categorical,4.0
sensory,tensor,Trellis,categorical,6.0
sensory,tensor,Method,categorical,4.0
sensory,baseline,Occasion,categorical,4.0
sensory,baseline,Judges,categorical,8.0
sensory,baseline,Interval,categorical,5.0
sensory,baseline,Sittings,categorical,6.0
sensory,baseline,Position,categorical,6.0
sensory,baseline,Squares,categorical,4.0
sensory,baseline,Rows,categorical,5.0
sensory,baseline,Columns,categorical,6.0
sensory,baseline,Halfplot,categorical,4.0
sensory,baseline,Trellis,categorical,6.0
sensory,baseline,Method,categorical,4.0
shuttle,tensor,feature_1,numerical,9.0
shuttle,tensor,feature_2,numerical,4.0
shuttle,tensor,feature_3,numerical,10.0
shuttle,tensor,feature_4,numerical,4.0
shuttle,tensor,feature_5,numerical,10.0
shuttle,tensor,feature_6,numerical,8.0
shuttle,tensor,feature_7,numerical,10.0
shuttle,tensor,feature_8,numerical,10.0
shuttle,tensor,feature_9,numerical,6.0
shuttle,baseline,feature_1,numerical,
shuttle,baseline,feature_2,numerical,
shuttle,baseline,feature_3,numerical,
shuttle,baseline,feature_4,numerical,
shuttle,baseline,feature_5,numerical,
shuttle,baseline,feature_6,numerical,
shuttle,baseline,feature_7,numerical,
shuttle,baseline,feature_8,numerical,
shuttle,baseline,feature_9,numerical,
skin_segmentation,tensor,B,numerical,10.0
skin_segmentation,tensor,G,numerical,10.0
skin_segmentation,tensor,R,numerical,10.0
skin_segmentation,baseline,B,numerical,
skin_segmentation,baseline,G,numerical,
skin_segmentation,baseline,R,numerical,
three_of_nine,tensor,F1,categorical,4.0
three_of_nine,tensor,F2,categorical,4.0
three_of_nine,tensor,F3,categorical,4.0
three_of_nine,tensor,F4,categorical,4.0
three_of_nine,tensor,F5,categorical,4.0
three_of_nine,tensor,F6,categorical,4.0
three_of_nine,tensor,F7,categorical,4.0
three_of_nine,tensor,F8,categorical,4.0
three_of_nine,tensor,F9,categorical,4.0
three_of_nine,baseline,F1,categorical,4.0
three_of_nine,baseline,F2,categorical,4.0
three_of_nine,baseline,F3,categorical,4.0
three_of_nine,baseline,F4,categorical,4.0
three_of_nine,baseline,F5,categorical,4.0
three_of_nine,baseline,F6,categorical,4.0
three_of_nine,baseline,F7,categorical,4.0
three_of_nine,baseline,F8,categorical,4.0
three_of_nine,baseline,F9,categorical,4.0
vehicle,tensor,Alcohol_related,categorical,4.0
vehicle,tensor,Gender,categorical,4.0
vehicle,tensor,Type,categorical,4.0
vehicle,tensor,Age,categorical,8.0
vehicle,baseline,Alcohol_related,categorical,4.0
vehicle,baseline,Gender,categorical,4.0
vehicle,baseline,Type,categorical,4.0
vehicle,baseline,Age,categorical,8.0
xd6,tensor,Attribute_1,categorical,4.0
xd6,tensor,Attribute_2,categorical,4.0
xd6,tensor,Attribute_3,categorical,4.0
xd6,tensor,Attribute_4,categorical,4.0
xd6,tensor,Attribute_5,categorical,4.0
xd6,tensor,Attribute_6,categorical,4.0
xd6,tensor,Attribute_7,categorical,4.0
xd6,tensor,Attribute_8,categorical,4.0
xd6,tensor,Attribute_9,categorical,4.0
xd6,baseline,Attribute_1,categorical,4.0
xd6,baseline,Attribute_2,categorical,4.0
xd6,baseline,Attribute_3,categorical,4.0
xd6,baseline,Attribute_4,categorical,4.0
xd6,baseline,Attribute_5,categorical,4.0
xd6,baseline,Attribute_6,categorical,4.0
xd6,baseline,Attribute_7,categorical,4.0
xd6,baseline,Attribute_8,categorical,4.0
xd6,baseline,Attribute_9,categorical,4.0
